Site,Depth_m,Depth_group2,Depth_group,Habitat,Habitat_simplified,Aspect_descriptive,browser,cleaner,corallivore,cropper,detritivore,excavator,invertivore-mobile,invertivore-sessile,macro-invertivore,micro-invertivore,NA,omnivore,pisci-invertivore,piscivore,planktivore,scraper,spongivore
ASHM-01,31,40,Upper_meso,outer_slope,outer_slope,moderate_slope,0,0,0,0,0,0,0,0,0,0,0,0,0,0,0,0,0
ASHM-01,37,40,Upper_meso,outer_slope,outer_slope,gentle_slope,0,0,0,0,0,0,0,0,0,0,0,0,0,0,0,0,0
ASHM-01,38,40,Upper_meso,outer_slope,outer_slope,gentle_slope,0,0,0,0,0,0,0,0,0,0,0,0,0,0,0,0,0
ASHM-01,43,50,Upper_meso,outer_slope,outer_slope,moderate_slope,0,0,0,0,0,0,0,0,0,0,0,0,0,0,0,0,0
ASHM-01,49,50,Upper_meso,outer_slope,outer_slope,flat,0,0,0,0,0,0,0,0,0,0,0,0,0,0,0,0,0
ASHM-01,52,60,Upper_meso,outer_slope,outer_slope,gentle_slope,0,0,0,0,0,0,0,0,0,0,0,0,0,0,0,0,0
ASHM-01,53,60,Upper_meso,outer_slope,outer_slope,gentle_slope,0,0,0,0,0,0,0,0,0,0,0,0,0,0,0,0,0
ASHM-01,55,60,Upper_meso,outer_slope,outer_slope,flat,0,0,0,0,0,0,0,0,0,0,0,0,0,0,0,0,0
ASHM-01,55,60,Upper_meso,outer_slope,outer_slope,gentle_slope,0,0,0,0,0,0,0,0,0,0,0,0,0,0,0,0,0
ASHM-02,37,40,Upper_meso,outer_slope,outer_slope,wall,0,0,0,0,0,0,0,0,0,0,0,0,0,0,0,0,0
ASHM-02,42,50,Upper_meso,outer_slope,outer_slope,gentle_slope,0,0,0,0,0,0,0,0,0,0,0,0,0,0,0,0,0
ASHM-02,47,50,Upper_meso,outer_slope,outer_slope,flat,0,0,0,0,0,0,0,0,0,0,0,0,0,0,0,0,0
ASHM-02,53,60,Upper_meso,outer_slope,outer_slope,flat,0,0,0,0,0,0,0,0,0,0,0,0,0,0,0,0,0
ASHM-02,58,60,Upper_meso,outer_slope,outer_slope,flat,0,0,0,0,0,0,0,0,0,0,0,0,0,0,0,0,0
ASHM-02,65,70,Lower_meso,outer_slope,outer_slope,gentle_slope,0,0,0,0,0,0,0,0,0,0,0,0,0,0,0,0,0
ASHM-02,67.5,70,Lower_meso,outer_slope,outer_slope,flat,0,0,0,0,0,0,0,0,0,0,0,0,0,0,0,0,0
ASHM-03,65,70,Lower_meso,outer_slope,outer_slope,gentle_slope,0,0,0,0,0,0,0,0,0,0,0,0,0,0,0,0,0
ASHM-03,73.2,80,Lower_meso,outer_slope,outer_slope,gentle_slope,0,0,0,0,0,0,0,0,0,0,0,0,0,0,0,0,0
ASHM-04,17.5,20,Shallow,outer_slope,outer_slope,gentle_slope,0,0,0,0,0,0,0,0,0,0,0,0,0,0,0,0,0
ASHM-04,20,20,Shallow,outer_slope,outer_slope,gentle_slope,0,0,0,0,0,0,0,0,0,0,0,0,0,0,0,0,0
ASHM-04,32,40,Upper_meso,outer_slope,outer_slope,moderate_slope,0,0,0,0,0,0,0,0,0,0,0,0,0,0,0,0,0
ASHM-04,38,40,Upper_meso,outer_slope,outer_slope,steep_slope,0,0,0,0,0,0,0,0,0,0,0,0,0,0,0,0,0
ASHM-04,42,50,Upper_meso,outer_slope,outer_slope,steep_slope,0,0,0,0,0,0,0,0,0,0,0,0,0,0,0,0,0
ASHM-04,45,50,Upper_meso,outer_slope,outer_slope,steep_slope,0,0,0,0,0,0,0,0,0,0,0,0,0,0,0,0,0
ASHM-04,52,60,Upper_meso,outer_slope,outer_slope,moderate_slope,0,0,0,0,0,0,0,0,0,0,0,0,0,0,0,0,0
BETT-01,8.2,10,Shallow,outer_reef,outer_slope,flat,0,0,0,0,0,0,0,0,0,0,0,0,0,0,0,0,0
BETT-01,8.3,10,Shallow,outer_reef,outer_slope,flat,0,0,0,0,0,0,0,0,0,0,0,0,0,0,0,0,0
BETT-01,12.6,20,Shallow,outer_reef,outer_slope,gentle_slope,0,0,0,0,0,0,0,0,0,0,0,0,0,0,0,0,0
BETT-01,21.1,30,Shallow,outer_reef,outer_slope,flat,0,0,0,0,0,0,0,0,0,0,0,0,0,0,0,0,0
BETT-01,32.3,40,Upper_meso,outer_reef,outer_slope,flat,0,0,0,0,0,0,0,0,0,0,0,0,0,0,0,0,0
BETT-01,40.4,50,Upper_meso,outer_reef,outer_slope,steep_slope,0,0,0,0,0,0,0,0,0,0,0,0,0,0,0,0,0
BETT-01,50.9,60,Upper_meso,outer_reef,outer_slope,steep_slope,0,0,0,0,0,0,0,0,0,0,0,0,0,0,0,0,0
BETT-01,57.6,60,Upper_meso,outer_reef,outer_slope,steep_slope,0,0,0,0,0,0,0,0,0,0,0,0,0,0,0,0,0
BOOT-01,47,50,Upper_meso,outer_slope,outer_slope,moderate_slope,0,0,0,0,0,0,0,0,0,0,0,0,0,0,0,0,0
BOOT-01,57,60,Upper_meso,outer_slope,outer_slope,steep_slope,0,0,0,0,0,0,0,0,0,0,0,0,0,0,0,0,0
BOOT-01,67,70,Lower_meso,outer_slope,outer_slope,moderate_slope,0,0,0,0,0,0,0,0,0,0,0,0,0,0,0,0,0
BOUG-01,3.6,10,Shallow,outer_reef,outer_slope,steep_slope,0,0,0,0,0,0,0,0,0,0,0,0,0,0,0,0,0
BOUG-01,5.5,10,Shallow,outer_reef,outer_slope,wall,0,0,0,0,0,0,0,0,0,0,0,0,0,0,0,0,0
BOUG-01,7.5,10,Shallow,outer_reef,outer_slope,wall,0,0,0,0,0,0,0,0,0,0,0,0,0,0,0,0,0
BOUG-01,9.3,10,Shallow,outer_reef,outer_slope,wall,0,0,0,0,0,0,0,0,0,0,0,0,0,0,0,0,0
BOUG-01,12.5,20,Shallow,outer_reef,outer_slope,wall,0,0,0,0,0,0,0,0,0,0,0,0,0,0,0,0,0
BOUG-01,13.8,20,Shallow,outer_reef,outer_slope,steep_slope,0,0,0,0,0,0,0,0,0,0,0,0,0,0,0,0,0
BOUG-01,17.6,20,Shallow,outer_reef,outer_slope,wall,0,0,0,0,0,0,0,0,0,0,0,0,0,0,0,0,0
BOUG-01,20.3,30,Shallow,outer_reef,outer_slope,wall,0,0,0,0,0,0,0,0,0,0,0,0,0,0,0,0,0
BOUG-01,22.3,30,Shallow,outer_reef,outer_slope,wall,0,0,223.9999983,31.85815135,0,0,0,0,409.5049929,64.16511862,0,0,0,0,4070.460336,0,43.9238257
BOUG-01,24.1,30,Shallow,outer_reef,outer_slope,wall,0,0,0,0,0,0,0,0,0,0,0,0,0,0,0,0,0
BOUG-01,28.5,30,Shallow,outer_reef,outer_slope,wall,0,0,63.36927278,902.02307,0,0,0,0,150.8713386,869.1007551,685.1673361,0,694.8148042,0,0,0,0
BOUG-01,35.1,40,Upper_meso,outer_reef,outer_slope,wall,0,0,0,1713.672071,43.23923966,0,0,0,0,119.798718,737.8951206,0,3564.502131,0,0,0,0
BOUG-01,36.4,40,Upper_meso,outer_reef,outer_slope,wall,0,0,21.26590183,2060.001744,0,0,0,0,0,66.4475252,174.5232679,121.9558899,729.6144933,0,4158.578375,144.7804662,0
BOUG-01,38.6,40,Upper_meso,outer_reef,outer_slope,wall,0,0,29.67490266,0,0,0,0,0,0,0,0,19.30801873,0,0,0,0,0
BOUG-01,43.7,50,Upper_meso,outer_reef,outer_slope,steep_slope,0,0,0,0,0,0,0,0,98.42933871,1053.752645,214.1250913,0,0,0,0,0,0
BOUG-01,45,50,Upper_meso,outer_reef,outer_slope,wall,0,0,0,0,0,0,0,0,25.4594389,215.2274228,229.4106647,0,136.5185862,0,2431.190101,0,0
BOUG-01,45.5,50,Upper_meso,outer_reef,outer_slope,steep_slope,0,0,449.6771584,85.29382857,0,0,0,0,1615.38541,1659.078839,464.5039689,0,18072.06107,0,0,165.5353945,0
BOUG-01,47.4,50,Upper_meso,outer_reef,outer_slope,wall,0,0,8.950230868,0,0,0,0,0,151.115024,948.0568999,199.8599867,0,97.64657741,0,0,0,0
BOUG-01,54.7,60,Upper_meso,outer_reef,outer_slope,steep_slope,0,0,0,0,0,0,0,0,0,171.1441947,5498.515482,0,214.9854963,0,3556.943709,1068.377673,0
BOUG-01,57.2,60,Upper_meso,outer_reef,outer_slope,steep_slope,0,0,0,31.7427292,0,0,0,0,0,808.4055669,0,0,1519.941162,0,3754.465625,0,0
BOUG-01,57.4,60,Upper_meso,outer_reef,outer_slope,steep_slope,0,0,0,0,0,0,0,0,1854.79784,555.7094743,0.657502485,0,0,0,2418.340906,0,0
BOUG-01,57.8,60,Upper_meso,outer_reef,outer_slope,steep_slope,0,0,38.14689391,159.8061391,0,0,0,0,0,432.1746468,408.7960689,0,39910.36321,0,0,0,0
BOUG-01,58.1,60,Upper_meso,outer_reef,outer_slope,steep_slope,0,0,0,22.76569161,0,0,0,0,295.2953691,213.2703303,1067.385449,0,129.2830029,0,0,4227.73128,0
BOUG-01,65,70,Lower_meso,outer_reef,outer_slope,steep_slope,0,0,213.7968547,816.7459797,0,0,0,0,0,690.0503343,417.7589494,0,174925.9593,248544.9117,0,0,24.90798548
BOUG-01,66.3,70,Lower_meso,outer_reef,outer_slope,steep_slope,0,0,0,0,0,0,0,0,0,0,0,0,0,0,0,0,0
BOUG-01,66.3,70,Lower_meso,outer_reef,outer_slope,wall,0,0,0,0,0,0,0,0,582.7038616,863.9719927,911.0010045,0,12513.73507,0,2366.604047,0,0
BOUG-01,66.7,70,Lower_meso,outer_reef,outer_slope,wall,0,0,0,96.47419913,0,0,0,0,708.429706,1781.7527,271.6512039,0,649284.1283,0,0,977.9882717,0
BOUG-01,67.3,70,Lower_meso,outer_reef,outer_slope,steep_slope,0,0,0,0,0,0,0,0,0,354.0917708,1627.51662,0,797.8004479,0,0,0,0
BOUG-01,67.8,70,Lower_meso,outer_reef,outer_slope,wall,0,0,25.29564052,0,0,0,0,0,2015.385978,798.0948111,8565.673219,0,78.19838,0,4520.369419,4447.816482,0
BOUG-01,71.4,80,Lower_meso,outer_reef,outer_slope,steep_slope,0,0,0,0,0,0,0,0,0,0,0,0,0,0,0,0,0
BOUG-01,76.4,80,Lower_meso,outer_reef,outer_slope,steep_slope,0,0,0,0,0,0,0,0,0,0,0,0,0,0,0,0,0
BOUG-01,81.9,90,Lower_meso,outer_reef,outer_slope,steep_slope,0,0,0,0,0,0,0,0,0,0,0,0,0,0,0,0,0
BOUG-01,85.7,90,Lower_meso,outer_reef,outer_slope,wall,0,0,0,0,0,0,0,0,0,0,0,0,0,0,0,0,0
BOUG-01,90.9,100,Lower_meso,outer_reef,outer_slope,wall,0,0,0,0,0,0,0,0,0,0,0,0,0,0,0,0,0
BOUG-01,91.1,100,Lower_meso,outer_reef,outer_slope,wall,0,0,0,0,0,0,0,0,0,0,0,0,0,0,0,0,0
BOUG-01,98.5,100,Lower_meso,outer_reef,outer_slope,wall,0,0,0,0,0,0,0,0,0,0,0,0,0,0,0,0,0
BOUG-02,9.8,10,Shallow,outer_reef,outer_slope,steep_slope,0,0,81.51906766,191.1758609,0,0,0,0,0,785.4887563,334.6940925,161.0083956,616.5831217,0,5236.010673,1718.503909,0
BOUG-02,13.4,20,Shallow,outer_reef,outer_slope,steep_slope,908.7657352,0,63.57102217,154.9750773,142.7476028,0,0,0,0,1112.872748,213.1610837,0,7395.834987,321.7980182,7398.90331,7512.822299,0
BOUG-02,15.4,20,Shallow,outer_reef,outer_slope,moderate_slope,0,0,0,162.8961911,0,1915.970031,0,0,0,147.0157182,0,89.55740162,0,77.79303417,257.7067366,0,0
BOUG-02,22.3,30,Shallow,outer_reef,outer_slope,steep_slope,228.8700887,0,446.9976595,1421.511478,0,1975.424127,0,78.6600209,237.4699146,843.33319,156.615836,0,4316.081074,289.2537164,699.8907606,3321.139424,0
BOUG-02,24.2,30,Shallow,outer_reef,outer_slope,wall,0,0,0,248.0388827,0,0,0,0,99.54619153,0,3.567796277,0,1502.341659,0,2524.0507,0,0
BOUG-02,24.8,30,Shallow,outer_reef,outer_slope,steep_slope,0,0,348.2864048,81.22257359,34.3439097,3780.104268,0,0,118.8431439,206.9803816,90.3574141,0,0,0,0,0,0
BOUG-02,27.3,30,Shallow,outer_reef,outer_slope,wall,0,0,244.3280835,138.471098,61.39633965,0,0,216.4357315,0,656.8939642,384.9731748,0,259.0592264,0,1323.89465,1920.189836,0
BOUG-02,28.4,30,Shallow,outer_reef,outer_slope,wall,0,0,69.40717637,146.6065973,95.82400765,5373.498251,0,0,0,479.5615327,0,0,0,0,0,0,0
BOUG-02,31.1,40,Upper_meso,outer_reef,outer_slope,moderate_slope,0,0,64.64942401,205.8141498,135.8551225,8133.826399,0,0,472.6188238,1465.798899,0,0,0,0,2354.592,6159.852592,0
BOUG-02,32.5,40,Upper_meso,outer_reef,outer_slope,steep_slope,0,0,0,384.6898215,138.5322536,0,0,0,498.1583036,327.5589322,0,0,35.00293927,0,1478.835554,9131.341082,0
BOUG-02,33.1,40,Upper_meso,outer_reef,outer_slope,wall,0,0,0,0,0,0,0,0,2370.884638,276.2603866,0,0,75.3810647,0,5103.36191,283.8793209,0
BOUG-02,35.1,40,Upper_meso,outer_reef,outer_slope,wall,0,0,0,0,0,0,0,0,115.7263959,0,45.20678412,0,0,0,3003.245169,0,0
BOUG-02,37.2,40,Upper_meso,outer_reef,outer_slope,wall,0,0,12.64606786,0,0,0,0,0,0,101.9880176,0,0,1014.530172,0,2689.945318,0,0
BOUG-02,44.9,50,Upper_meso,outer_reef,outer_slope,wall,0,0,0,114.3627206,0,0,0,0,464.7125448,24.85072034,131.3698236,0,6034.746728,0,0,0,0
BOUG-02,45,50,Upper_meso,outer_reef,outer_slope,moderate_slope,0,0,15.80606222,359.9586677,0,0,0,0,777.9025508,138.1710565,0,0,43.5073921,0,0,0,0
BOUG-02,45.8,50,Upper_meso,outer_reef,outer_slope,steep_slope,0,0,0,93.94249712,71.89009031,0,0,0,843.4087266,1910.133548,0,0,0,0,953.2303762,0,0
BOUG-02,47,50,Upper_meso,outer_reef,outer_slope,steep_slope,0,0,0,0,0,0,0,0,404.919252,39.77984786,0,0,0,0,1134.397193,0,0
BOUG-02,47.6,50,Upper_meso,outer_reef,outer_slope,steep_slope,0,0,0,10.11151043,0,0,0,0,0,163.922763,0,0,212.0026572,0,890.8830356,0,0
BOUG-02,52.1,60,Upper_meso,outer_reef,outer_slope,steep_slope,549.0429035,0,91.11280867,87.66254696,64.56821159,0,0,0,326.1358896,614.7219908,0,2172.621683,63.53197468,0,0,0,0
BOUG-02,53.6,60,Upper_meso,outer_reef,outer_slope,moderate_slope,0,0,0,100.1108111,0,401.2336982,0,0,4868.992461,211.9599789,771.768195,0,152.899709,0,0,0,0
BOUG-02,55.3,60,Upper_meso,outer_reef,outer_slope,moderate_slope,348.7279571,0,0,681.5981099,241.7086984,4340.161177,0,0,0,710.5383573,0,0,1455.729863,0,4852.769167,6306.775216,0
BOUG-02,57.7,60,Upper_meso,outer_reef,outer_slope,moderate_slope,0,0,0,5.062297454,0,0,0,0,0,0,0,0,390662.8649,71837.43789,673.4742176,0,0
BOUG-02,58.4,60,Upper_meso,outer_reef,outer_slope,moderate_slope,0,0,0,3.281236562,0,0,0,0,0,330.6901117,0,0,0,0,0,0,0
BOUG-02,63,70,Lower_meso,outer_reef,outer_slope,wall,0,0,84.80646552,0,70.69172529,0,0,0,283.3529664,39.91700707,0,0,0,0,2472.007593,0,0
BOUG-02,63.8,70,Lower_meso,outer_reef,outer_slope,steep_slope,0,0,0,0,0,0,0,0,700.5120173,357.4110123,139.8490368,0,86.29442927,22779.09825,0,0,0
BOUG-02,64.5,70,Lower_meso,outer_reef,outer_slope,steep_slope,0,0,0,0,0,1057.753392,0,0,594.8818921,2373.177881,0,0,45.56708143,53513.06895,5014.534873,3296.193076,0
BOUG-02,67.1,70,Lower_meso,outer_reef,outer_slope,steep_slope,0,0,10.50049924,493.7721722,0,12582.26646,0,0,618.2659465,439.5372242,279.7965823,0,52933.96203,0,5123.793489,0,0
CHIL-01,36.5,40,Upper_meso,lagoon,lagoon,flat,0,0,0,0,0,0,0,0,0,0,1113.273499,0,0,0,0,0,0
EDIA-01,10,10,Shallow,bommie,inner_reef,wall,0,0,0,0,0,0,0,0,0,0,0,0,0,0,0,0,0
EDIA-01,15,20,Shallow,bommie,inner_reef,moderate_slope,0,0,0,0,0,0,0,0,0,0,0,0,0,0,0,0,0
EDIA-01,15,20,Shallow,bommie,inner_reef,wall,0,0,0,0,0,0,0,0,0,0,0,0,0,0,0,0,0
EDIA-01,19,20,Shallow,bommie,inner_reef,wall,0,0,0,0,0,0,0,0,0,0,0,0,0,0,0,0,0
EDIA-01,21,30,Shallow,bommie,inner_reef,moderate_slope,0,0,0,0,0,0,0,0,0,0,0,0,0,0,0,0,0
EDIA-01,25,30,Shallow,bommie,inner_reef,gentle_slope,0,0,0,0,0,0,0,0,0,0,0,0,0,0,0,0,0
EDIA-01,26,30,Shallow,bommie,inner_reef,moderate_slope,0,0,0,0,0,0,0,0,0,0,0,0,0,0,0,0,0
EDIA-01,32,40,Upper_meso,bommie,inner_reef,gentle_slope,0,0,0,0,0,0,0,0,0,0,0,0,0,0,0,0,0
EDIA-01,38,40,Upper_meso,bommie,inner_reef,gentle_slope,0,0,0,0,0,0,0,0,0,0,0,0,0,0,0,0,0
EDIA-01,39,40,Upper_meso,bommie,inner_reef,gentle_slope,0,0,0,0,0,0,0,0,0,0,0,0,0,0,0,0,0
EDIA-01,45,50,Upper_meso,bommie,inner_reef,gentle_slope,0,0,0,0,0,0,0,0,0,0,0,0,0,0,0,0,0
EDIA-01,48,50,Upper_meso,bommie,inner_reef,flat,0,0,0,0,0,0,0,0,0,0,0,0,0,0,0,0,0
EDIA-01,48,50,Upper_meso,bommie,inner_reef,gentle_slope,0,0,0,0,0,0,0,0,0,0,0,0,0,0,0,0,0
EDIA-01,50,50,Upper_meso,bommie,inner_reef,flat,0,0,0,0,0,0,0,0,0,0,0,0,0,0,0,0,0
EDIA-02,8.7,10,Shallow,inner_reef,inner_reef,steep_slope,0,0,0,0,0,0,0,0,0,0,0,0,0,0,0,0,0
EDIA-02,9,10,Shallow,inner_reef,inner_reef,steep_slope,0,0,0,0,0,0,0,0,0,0,0,0,0,0,0,0,0
EDIA-02,15.2,20,Shallow,inner_reef,inner_reef,moderate_slope,0,0,0,0,0,0,0,0,0,0,0,0,0,0,0,0,0
EDIA-02,15.4,20,Shallow,inner_reef,inner_reef,moderate_slope,0,0,0,0,0,0,0,0,0,0,0,0,0,0,0,0,0
EDIA-02,19.1,20,Shallow,inner_reef,inner_reef,gentle_slope,0,0,0,0,0,0,0,0,0,0,0,0,0,0,0,0,0
EDIA-02,20,20,Shallow,inner_reef,inner_reef,gentle_slope,0,0,0,0,0,0,0,0,0,0,0,0,0,0,0,0,0
EDIA-02,24.2,30,Shallow,inner_reef,inner_reef,gentle_slope,0,0,0,0,0,0,0,0,0,0,0,0,0,0,0,0,0
EDIA-02,25,30,Shallow,inner_reef,inner_reef,steep_slope,0,0,0,0,0,0,0,0,0,0,0,0,0,0,0,0,0
EDIA-02,30.9,40,Upper_meso,inner_reef,inner_reef,flat,0,0,0,0,0,0,0,0,0,0,0,0,0,0,0,0,0
EDIA-02,32.8,40,Upper_meso,inner_reef,inner_reef,gentle_slope,0,0,0,0,0,0,0,0,0,0,0,0,0,0,0,0,0
EDNA-01,9.8,10,Shallow,outer_reef,outer_slope,flat,0,0,0,0,0,0,0,0,0,0,0,0,0,0,0,0,0
EDNA-01,14,20,Shallow,outer_reef,outer_slope,moderate_slope,0,0,0,0,0,0,0,0,0,0,0,0,0,0,0,0,0
EDNA-01,19.1,20,Shallow,outer_reef,outer_slope,flat,0,0,0,0,0,0,0,0,0,0,0,0,0,0,0,0,0
EDNA-01,26.7,30,Shallow,outer_reef,outer_slope,gentle_slope,0,0,0,0,0,0,0,0,0,0,0,0,0,0,0,0,0
EDNA-01,39,40,Upper_meso,outer_reef,outer_slope,moderate_slope,0,0,0,0,0,0,0,0,0,0,0,0,0,0,0,0,0
EDNA-01,48,50,Upper_meso,outer_reef,outer_slope,moderate_slope,0,0,0,0,0,0,0,0,0,0,0,0,0,0,0,0,0
EDNA-01,51.3,60,Upper_meso,outer_reef,outer_slope,gentle_slope,0,0,0,0,0,0,0,0,0,0,0,0,0,0,0,0,0
EDNA-01,63,70,Lower_meso,outer_reef,outer_slope,gentle_slope,0,0,0,0,0,0,0,0,0,0,0,0,0,0,0,0,0
EDNA-01,69,70,Lower_meso,outer_reef,outer_slope,moderate_slope,0,0,0,0,0,0,0,0,0,0,0,0,0,0,0,0,0
EDNA-01,79,80,Lower_meso,outer_reef,outer_slope,moderate_slope,0,0,0,0,0,0,0,0,0,0,0,0,0,0,0,0,0
EDNA-01,86,90,Lower_meso,outer_reef,outer_slope,moderate_slope,0,0,0,0,0,0,0,0,0,0,0,0,0,0,0,0,0
EDNA-01,96,100,Lower_meso,outer_reef,outer_slope,moderate_slope,0,0,0,0,0,0,0,0,0,0,0,0,0,0,0,0,0
FLIN-01,5.2,10,Shallow,outer_reef,outer_slope,gentle_slope,0,0,0,0,0,0,0,0,0,0,0,0,0,0,0,0,0
FLIN-01,9.9,10,Shallow,outer_reef,outer_slope,moderate_slope,0,0,0,0,0,0,0,0,0,0,0,0,0,0,0,0,0
FLIN-01,15.3,20,Shallow,outer_reef,outer_slope,steep_slope,0,0,0,0,0,0,0,0,0,0,0,0,0,0,0,0,0
FLIN-01,20.4,30,Shallow,outer_reef,outer_slope,steep_slope,0,0,0,0,0,0,0,0,0,0,0,0,0,0,0,0,0
FLIN-01,25.3,30,Shallow,outer_reef,outer_slope,steep_slope,0,0,0,0,0,0,0,0,0,0,0,0,0,0,0,0,0
FLIN-01,30.2,40,Upper_meso,outer_reef,outer_slope,steep_slope,0,0,0,0,0,0,0,0,0,0,0,0,0,0,0,0,0
FLIN-01,34.3,40,Upper_meso,outer_reef,outer_slope,steep_slope,0,0,87.19011617,0,0,0,0,0,0,0,0,0,3771.29614,1205.082584,0,0,0
FLIN-01,35.2,40,Upper_meso,outer_reef,outer_slope,wall,0,0,100.5937448,134.3023633,99.81169733,0,0,0,0,99.38332948,66.19304897,0,323.1742041,0,396.5852879,0,0
FLIN-01,35.6,40,Upper_meso,outer_reef,outer_slope,steep_slope,1232.921674,0,0,654.2463621,128.2608583,0,0,0,574.4012427,567.8283411,462.8279756,0,77574.22801,5697.075446,7227.091229,0,0
FLIN-01,37.1,40,Upper_meso,outer_reef,outer_slope,wall,0,0,7.787783304,0,133.8483888,967.9655767,0,0,7958.548304,252.325783,98.36482408,0,0,14635.58015,932.8203553,762.4956061,0
FLIN-01,41.5,50,Upper_meso,outer_reef,outer_slope,steep_slope,0,0,0,0,0,0,0,0,0,0,0,0,0,0,0,0,0
FLIN-01,42.1,50,Upper_meso,outer_reef,outer_slope,wall,0,0,90.98638132,105.0191009,0,0,0,0,0,0,88.23948287,0,26.61334276,0,5076.227628,0,0
FLIN-01,45.2,50,Upper_meso,outer_reef,outer_slope,wall,0,0,39.50773575,0,0,4746.954226,0,0,0,0,0,0,0,88719.51719,14424.57605,0,0
FLIN-01,45.4,50,Upper_meso,outer_reef,outer_slope,wall,0,0,0,0,0,0,0,0,0,0,20.71503596,0,6379.984872,0,60.99218154,0,0
FLIN-01,45.7,50,Upper_meso,outer_reef,outer_slope,gentle_slope,0,0,0,0,0,0,0,0,0,0,0,0,0,0,0,0,0
FLIN-01,51.1,60,Upper_meso,outer_reef,outer_slope,gentle_slope,0,0,0,0,0,0,0,0,0,0,0,0,0,0,0,0,0
FLIN-01,67.1,70,Lower_meso,outer_reef,outer_slope,gentle_slope,0,0,0,0,0,0,0,0,0,0,0,0,0,0,0,0,0
FLIN-01,72.3,80,Lower_meso,outer_reef,outer_slope,gentle_slope,0,0,0,0,0,0,0,0,0,0,0,0,0,0,0,0,0
FLIN-01,77.4,80,Lower_meso,outer_reef,outer_slope,gentle_slope,0,0,0,0,0,0,0,0,0,0,0,0,0,0,0,0,0
FLIN-01,81.9,90,Lower_meso,outer_reef,outer_slope,gentle_slope,0,0,0,0,0,0,0,0,0,0,0,0,0,0,0,0,0
FLIN-01,87.2,90,Lower_meso,outer_reef,outer_slope,gentle_slope,0,0,0,0,0,0,0,0,0,0,0,0,0,0,0,0,0
FLIN-01,91.9,100,Lower_meso,outer_reef,outer_slope,gentle_slope,0,0,0,0,0,0,0,0,0,0,0,0,0,0,0,0,0
FLIN-01,98.6,100,Lower_meso,outer_reef,outer_slope,gentle_slope,0,0,0,0,0,0,0,0,0,0,0,0,0,0,0,0,0
FLIN-02,40,40,Upper_meso,lagoon,lagoon,flat,0,0,0,0,63.4669607,0,0,0,15111.96289,2523.691536,0,0,0,33675.32174,1349.250447,0,0
FLIN-02,40.2,50,Upper_meso,lagoon,lagoon,flat,0,0,0,0,0,0,0,0,7132.382845,255.3102811,0,0,0,0,242.0673953,0,0
FLIN-02,41.5,50,Upper_meso,lagoon,lagoon,flat,0,0,0,45.42458404,0,0,0,0,6926.06532,2555.318627,0,0,16858.12827,0,11.18927691,0,0
FLIN-02,42.1,50,Upper_meso,lagoon,lagoon,flat,0,0,0,0,0,0,0,0,2680.335264,0,0,0,0,0,0,0,0
FLIN-02,43.3,50,Upper_meso,lagoon,lagoon,flat,0,0,0,4495.561102,0,0,0,0,8651.714424,70.66860506,1641.173218,0,16443.64059,6725.024218,21.31087952,0,0
FLIN-02,44,50,Upper_meso,lagoon,lagoon,flat,0,0,0,96.15064058,0,242.9840042,0,0,298.6942548,662.744694,217.7135052,0,72988.72438,0,5.830566167,0,0
FLIN-04,17.4,20,Shallow,lagoon,lagoon,flat,0,0,0,0,0,0,0,0,0,0,0,0,0,0,0,0,0
FLIN-04,18.8,20,Shallow,lagoon,lagoon,gentle_slope,0,0,0,0,0,0,0,0,0,0,0,0,0,0,0,0,0
FLIN-04,34.1,40,Upper_meso,lagoon,lagoon,flat,0,0,0,0,0,0,0,0,0,0,0,0,0,0,0,0,0
FRAN-01,8,10,Shallow,outer_reef,outer_slope,gentle_slope,0,0,0,0,0,0,0,0,0,0,0,0,0,0,0,0,0
FRAN-01,14,20,Shallow,outer_reef,outer_slope,moderate_slope,0,0,0,0,0,0,0,0,0,0,0,0,0,0,0,0,0
FRAN-01,25,30,Shallow,outer_reef,outer_slope,moderate_slope,0,0,0,0,0,0,0,0,0,0,0,0,0,0,0,0,0
FRAN-01,35,40,Upper_meso,outer_reef,outer_slope,steep_slope,0,0,0,0,0,0,0,0,0,0,0,0,0,0,0,0,0
FRAN-01,42,50,Upper_meso,outer_reef,outer_slope,steep_slope,0,0,0,0,0,0,0,0,0,0,0,0,0,0,0,0,0
FRAN-01,52,60,Upper_meso,outer_reef,outer_slope,wall,0,0,0,0,0,0,0,0,0,0,0,0,0,0,0,0,0
FRAN-01,62,70,Lower_meso,outer_reef,outer_slope,wall,0,0,0,0,0,0,0,0,0,0,0,0,0,0,0,0,0
FRAN-01,72,80,Lower_meso,outer_reef,outer_slope,steep_slope,0,0,0,0,0,0,0,0,0,0,0,0,0,0,0,0,0
FRAN-01,79,80,Lower_meso,outer_reef,outer_slope,steep_slope,0,0,0,0,0,0,0,0,0,0,0,0,0,0,0,0,0
FRAN-01,90,90,Lower_meso,outer_reef,outer_slope,steep_slope,0,0,0,0,0,0,0,0,0,0,0,0,0,0,0,0,0
FRED-01,34.8,40,Upper_meso,inner_reef,inner_reef,gentle_slope,0,0,0,552.7742612,159.3716248,0,0,0,0,342.1460664,29545.10658,0,28508.597,75261.92172,4345.90543,0,0
FRED-01,40,40,Upper_meso,inner_reef,inner_reef,flat,0,0,0,0,0,0,0,0,0,201.1722679,0,0,317048.0347,0,0,0,0
FRED-02,24,30,Shallow,lagoon,lagoon,gentle_slope,0,0,0,0,0,0,0,0,0,0,0,0,0,0,0,0,0
GEOR-01,32.6,40,Upper_meso,outer_reef,outer_slope,gentle_slope,0,0,0,0,0,0,0,0,0,0,0,0,0,0,0,0,0
GEOR-01,36.2,40,Upper_meso,outer_reef,outer_slope,moderate_slope,0,0,0,0,0,0,0,0,0,0,0,0,0,0,0,0,0
GEOR-01,41.2,50,Upper_meso,outer_reef,outer_slope,steep_slope,0,0,0,0,0,0,0,0,0,0,0,0,0,0,0,0,0
GEOR-01,47.9,50,Upper_meso,outer_reef,outer_slope,moderate_slope,0,0,0,0,0,0,0,0,0,0,0,0,0,0,0,0,0
GEOR-01,48,50,Upper_meso,outer_reef,outer_slope,steep_slope,0,0,0,0,0,0,0,0,0,0,0,0,0,0,0,0,0
GEOR-01,51.4,60,Upper_meso,outer_reef,outer_slope,moderate_slope,0,0,0,0,0,0,0,0,0,0,0,0,0,0,0,0,0
GEOR-01,57.2,60,Upper_meso,outer_reef,outer_slope,flat,0,0,0,0,0,0,0,0,0,0,0,0,0,0,0,0,0
GEOR-01,62.3,70,Lower_meso,outer_reef,outer_slope,flat,0,0,0,0,0,0,0,0,0,0,0,0,0,0,0,0,0
GEOR-01,67,70,Lower_meso,outer_reef,outer_slope,gentle_slope,0,0,0,0,0,0,0,0,0,0,0,0,0,0,0,0,0
GEOR-01,71.5,80,Lower_meso,outer_reef,outer_slope,gentle_slope,0,0,0,0,0,0,0,0,0,0,0,0,0,0,0,0,0
GEOR-01,77.2,80,Lower_meso,outer_reef,outer_slope,gentle_slope,0,0,0,0,0,0,0,0,0,0,0,0,0,0,0,0,0
GEOR-01,80.9,90,Lower_meso,outer_reef,outer_slope,moderate_slope,0,0,0,0,0,0,0,0,0,0,0,0,0,0,0,0,0
GEOR-01,86.8,90,Lower_meso,outer_reef,outer_slope,gentle_slope,0,0,0,0,0,0,0,0,0,0,0,0,0,0,0,0,0
GEOR-01,91,100,Lower_meso,outer_reef,outer_slope,gentle_slope,0,0,0,0,0,0,0,0,0,0,0,0,0,0,0,0,0
GEOR-01,96.5,100,Lower_meso,outer_reef,outer_slope,gentle_slope,0,0,0,0,0,0,0,0,0,0,0,0,0,0,0,0,0
HERA-01,34.3,40,Upper_meso,passage,passage,flat,0,0,18.98917033,0,0,0,0,0,2685.48658,2543.774295,208.9749761,15.53298642,1104.287535,56.77991669,22180.43272,0,0
HERA-01,35.3,40,Upper_meso,passage,passage,flat,0,0,0,0,767.2725853,0,0,0,0,5833.048703,0,0,0,0,911.2559413,0,0
HERA-01,37.1,40,Upper_meso,passage,passage,gentle_slope,2851.694561,0,0,0,1679.745155,0,0,0,5178.834035,186.1458236,1713.607098,0,6327.193902,9347.583636,0,1819.855475,0
HERA-01,37.6,40,Upper_meso,passage,passage,flat,0,0,0,0,0,0,0,0,760.0791941,0,0,0,0,0,0,0,0
HERA-01,40.4,50,Upper_meso,passage,passage,gentle_slope,0,0,226.3334039,3115.194242,210.3162628,1119.473591,0,0,0,1569.597322,3470.913415,0,922.6656413,4693.071621,0,1086.42032,47.38077083
HERA-01,40.5,50,Upper_meso,passage,passage,gentle_slope,616.1893338,0,83.85796171,624.0901933,864.9055524,0,0,0,0,2275.663523,0,0,22846.46489,6731.561416,23062.76444,1614.475428,0
HERA-01,41.7,50,Upper_meso,passage,passage,gentle_slope,1600.925399,0,0,1380.135721,247.1675571,0,0,0,21483.60236,0,891.6199325,0,482.2509022,0,707.0425428,0,0
HERA-01,43.5,50,Upper_meso,passage,passage,gentle_slope,0,0,80.24680282,434.718796,101.3050578,0,0,0,6487.209069,1056.505676,575.941693,0,16462.7226,0,450.9551187,0,0
HERA-01,43.8,50,Upper_meso,passage,passage,gentle_slope,0,0,44.87052054,0,34.6887685,0,0,0,1427.216184,0,185.8724796,0,0,0,359.9888741,129.7853701,0
HERM-01,10.2,20,Shallow,lagoon,lagoon,moderate_slope,0,0,0,0,0,0,0,0,0,0,0,0,0,0,0,0,0
HERM-01,13.5,20,Shallow,lagoon,lagoon,moderate_slope,0,0,0,0,0,0,0,0,0,0,0,0,0,0,0,0,0
HERM-01,14.1,20,Shallow,lagoon,lagoon,moderate_slope,0,0,0,0,0,0,0,0,0,0,0,0,0,0,0,0,0
HERM-01,15.2,20,Shallow,lagoon,lagoon,moderate_slope,0,0,0,0,0,0,0,0,0,0,0,0,0,0,0,0,0
HERM-01,21.1,30,Shallow,lagoon,lagoon,flat,0,0,0,0,0,0,0,0,0,0,0,0,0,0,0,0,0
HERM-01,22,30,Shallow,lagoon,lagoon,flat,0,0,0,0,0,0,0,0,0,0,0,0,0,0,0,0,0
HERM-01,23.7,30,Shallow,lagoon,lagoon,gentle_slope,0,0,0,0,0,0,0,0,0,0,0,0,0,0,0,0,0
HERM-01,30.1,40,Upper_meso,lagoon,lagoon,flat,0,0,0,0,0,0,0,0,0,0,0,0,0,0,0,0,0
HERM-01,30.3,40,Upper_meso,lagoon,lagoon,flat,0,0,0,0,0,0,0,0,0,0,0,0,0,0,0,0,0
HERM-01,31,40,Upper_meso,lagoon,lagoon,flat,0,0,0,0,0,0,0,0,0,0,0,0,0,0,0,0,0
HERM-01,33.2,40,Upper_meso,lagoon,lagoon,flat,0,0,0,0,0,0,0,0,0,0,0,0,0,0,0,0,0
HERM-01,38.7,40,Upper_meso,lagoon,lagoon,flat,0,0,0,0,0,0,0,0,0,0,0,0,0,0,0,0,0
HERM-01,40.2,50,Upper_meso,lagoon,lagoon,flat,0,0,0,0,0,0,0,0,0,0,0,0,0,0,0,0,0
HERM-01,41.2,50,Upper_meso,lagoon,lagoon,flat,0,0,0,0,0,0,0,0,0,0,0,0,0,0,0,0,0
HERM-01,42.5,50,Upper_meso,lagoon,lagoon,flat,0,0,0,0,0,0,0,0,0,0,0,0,0,0,0,0,0
HERM-01,46.2,50,Upper_meso,lagoon,lagoon,flat,0,0,63.01165806,2300.755139,185.6178394,0,0,0,1745.118169,788.1904183,0,0,0,5579.120421,26.42573068,4915.224868,0
HERM-01,46.4,50,Upper_meso,lagoon,lagoon,flat,0,0,0,2863.787855,0,0,0,0,1212.778506,0,0,0,0,2833.713693,0,0,0
HERM-01,46.6,50,Upper_meso,lagoon,lagoon,flat,0,0,0,2227.342194,0,0,0,0,1486.141977,194.6269542,0,0,0,0,15.91767586,265.7212121,0
HERM-01,46.8,50,Upper_meso,lagoon,lagoon,flat,0,0,0,0,0,0,0,0,0,0,0,0,0,0,0,0,0
HERM-01,47.1,50,Upper_meso,lagoon,lagoon,flat,0,0,0,994.453819,0,0,0,0,0,0,0,0,9065.348275,0,0,0,0
HERM-01,47.7,50,Upper_meso,lagoon,lagoon,flat,0,0,0,0,122.8525319,0,0,0,960.4594689,0,38.83953381,0,52.12350679,90.83260617,0,0,0
HERM-01,47.9,50,Upper_meso,lagoon,lagoon,flat,0,0,0,1281.770896,0,0,0,0,2974.863756,543.643661,84318.84912,0,233.2890513,1001.573966,114.2737582,3645.893327,0
HERM-01,48.1,50,Upper_meso,lagoon,lagoon,flat,0,0,0,0,0,0,0,0,0,0,0,0,0,0,0,0,0
HERM-01,48.9,50,Upper_meso,lagoon,lagoon,flat,0,0,0,0,0,0,0,0,190.0375691,0,122.8091506,0,275.9235566,0,154.3117009,0,0
HERM-01,49.4,50,Upper_meso,lagoon,lagoon,flat,0,0,0,0,0,0,0,0,0,0,0,0,0,0,0,0,0
HOLM-01,34.7,40,Upper_meso,outer_reef,outer_slope,gentle_slope,0,0,0,24.95048555,33.57112079,0,0,0,0,290.7903576,0,274.3193713,0,0,141.3140764,0,0
HOLM-01,36,40,Upper_meso,outer_reef,outer_slope,moderate_slope,0,0,0,260.6896346,696.5096537,0,0,0,1899.899003,701.6041409,206.0553105,136.5120744,322.8498536,0,1367.200498,0,0
HOLM-01,36.8,40,Upper_meso,outer_reef,outer_slope,moderate_slope,0,0,0,47.37721319,28.53261341,10738.34255,0,0,0,7.442131891,0,43.25567324,0,0,174.8356735,1354.628009,0
HOLM-01,42.5,50,Upper_meso,outer_reef,outer_slope,moderate_slope,0,0,0,256.3731458,60.60064171,0,0,0,0,0,0,0,230.1344298,0,5418.772849,0,0
HOLM-01,43,50,Upper_meso,outer_reef,outer_slope,moderate_slope,0,0,0,32.93864163,0,0,0,0,0,137.6381417,0,0,0,0,653.9394889,0,0
HOLM-01,46.4,50,Upper_meso,outer_reef,outer_slope,moderate_slope,0,0,0,727.0498924,0,0,0,0,420.9045107,214.9328289,0,102.3840558,141.2223506,0,844.9647549,0,0
HOLM-01,51,60,Upper_meso,outer_reef,outer_slope,steep_slope,0,0,0,351.2310506,18.15926438,1500.736851,0,0,232.4328249,1478.906925,553.8439557,0,0,0,1747.968781,0,0
HOLM-01,52.4,60,Upper_meso,outer_reef,outer_slope,steep_slope,0,0,0,40.08679135,0,0,0,0,179.3838998,360.529554,0,0,3150.757128,0,1302.060278,0,0
HOLM-01,55,60,Upper_meso,outer_reef,outer_slope,steep_slope,0,0,0,148.1074307,0,0,0,0,0,50.97621657,0,28.44772215,87.96622939,0,1582.320665,0,0
HOLM-02,28,30,Shallow,outer_reef,outer_slope,gentle_slope,0,0,0,1021.802236,1236.879125,0,0,0,834.4328734,1361.715102,7.690468714,32.47531091,5501.551023,54159.21699,785.4022058,858.169008,0
HOLM-02,31.2,40,Upper_meso,outer_reef,outer_slope,gentle_slope,0,0,45.20566062,1970.492619,154.8301056,0,0,0,223.0890682,1026.653768,15.91953341,0,55971.46143,15180.3984,18.800515,640.9403799,0
HOLM-02,35,40,Upper_meso,outer_reef,outer_slope,gentle_slope,685.2684583,0,56.28030761,7475.436993,94.48619002,0,0,0,740.4875373,799.0858972,2259.187149,0,16563.44255,0,8108.800137,275.3559324,0
HOLM-02,37,40,Upper_meso,outer_reef,outer_slope,gentle_slope,0,0,0,653.3257787,217.4359127,0,0,0,253.5097131,1481.884751,54.5100936,0,0,0,1122.609452,392.0743516,0
HOLM-02,45,50,Upper_meso,outer_reef,outer_slope,wall,0,0,0,112.9073947,0,0,0,0,243.8139647,504.0805908,0,0,557.4158469,0,1561.718878,0,167.7280338
HOLM-02,46.6,50,Upper_meso,outer_reef,outer_slope,wall,0,0,0,0,0,0,0,0,901.6886567,354.2178338,504.0563012,0,92.0040059,0,2728.105403,0,0
HOLM-02,54.5,60,Upper_meso,outer_reef,outer_slope,steep_slope,0,0,0,1676.018004,0,0,0,0,2962.85104,378.2192088,119.1830489,0,195.9279198,0,5192.630901,0,0
HOLM-02,56.6,60,Upper_meso,outer_reef,outer_slope,steep_slope,0,0,0,323.794034,0,0,0,0,702.2869568,1175.608695,0,0,1015.967576,0,5167.744563,0,0
HOLM-02,62.7,70,Lower_meso,outer_reef,outer_slope,steep_slope,0,0,0,97.04187878,0,0,0,0,547.4295646,610.7943508,925.7907581,0,72723.73544,0,272.2170089,0,0
HOLM-02,63.1,70,Lower_meso,outer_reef,outer_slope,steep_slope,0,0,0,0,0,0,0,0,0,0,71.84074295,0,75803.61902,0,453.9763186,0,0
HOLM-02,63.2,70,Lower_meso,outer_reef,outer_slope,steep_slope,779.4719725,0,0,64.7462073,0,0,0,0,495.8300528,314.2997074,0,0,0,0,11126.85267,0,119.8802097
HOLM-02,63.7,70,Lower_meso,outer_reef,outer_slope,steep_slope,0,0,0,358.9257363,0,0,0,0,1312.299533,2459.641591,340.3210921,0,0,0,264.2509236,0,127.2409753
HOLM-02,64.2,70,Lower_meso,outer_reef,outer_slope,steep_slope,0,0,76.89114662,0,0,0,0,0,361.2023247,383.9476021,0,0,2288.393145,0,756.3488833,0,136.8496052
HOLM-03,2.3,10,Shallow,outer_reef,outer_slope,gentle_slope,0,0,0,0,0,0,0,0,0,0,0,0,0,0,0,0,0
HOLM-03,9.6,10,Shallow,outer_reef,outer_slope,gentle_slope,0,0,0,0,0,0,0,0,0,0,0,0,0,0,0,0,0
HOLM-03,12.6,20,Shallow,outer_reef,outer_slope,gentle_slope,0,0,0,0,0,0,0,0,0,0,0,0,0,0,0,0,0
HOLM-03,18.2,20,Shallow,outer_reef,outer_slope,gentle_slope,0,0,0,0,0,0,0,0,0,0,0,0,0,0,0,0,0
HOLM-03,22.4,30,Shallow,outer_reef,outer_slope,gentle_slope,0,0,0,0,0,0,0,0,0,0,0,0,0,0,0,0,0
HOLM-03,27.3,30,Shallow,outer_reef,outer_slope,gentle_slope,0,0,0,0,0,0,0,0,0,0,0,0,0,0,0,0,0
HOLM-03,32.2,40,Upper_meso,outer_reef,outer_slope,gentle_slope,0,0,0,0,0,0,0,0,0,0,0,0,0,0,0,0,0
HOLM-03,37.1,40,Upper_meso,outer_reef,outer_slope,gentle_slope,0,0,0,0,0,0,0,0,0,0,0,0,0,0,0,0,0
HOLM-03,41.6,50,Upper_meso,outer_reef,outer_slope,gentle_slope,0,0,0,0,0,0,0,0,0,0,0,0,0,0,0,0,0
HOLM-03,46.8,50,Upper_meso,outer_reef,outer_slope,gentle_slope,0,0,0,0,0,0,0,0,0,0,0,0,0,0,0,0,0
HOLM-03,51.5,60,Upper_meso,outer_reef,outer_slope,gentle_slope,0,0,0,0,0,0,0,0,0,0,0,0,0,0,0,0,0
HOLM-03,52.1,60,Upper_meso,outer_reef,outer_slope,gentle_slope,0,0,0,0,0,0,0,0,0,0,0,0,0,0,0,0,0
HOLM-03,57.1,60,Upper_meso,outer_reef,outer_slope,gentle_slope,0,0,0,0,0,0,0,0,0,0,0,0,0,0,0,0,0
HOLM-03,61.6,70,Lower_meso,outer_reef,outer_slope,gentle_slope,0,0,0,0,0,0,0,0,0,0,0,0,0,0,0,0,0
HOLM-03,68.2,70,Lower_meso,outer_reef,outer_slope,gentle_slope,0,0,0,0,0,0,0,0,0,0,0,0,0,0,0,0,0
HOLM-03,71.7,80,Lower_meso,outer_reef,outer_slope,gentle_slope,0,0,0,0,0,0,0,0,0,0,0,0,0,0,0,0,0
HOLM-03,77.4,80,Lower_meso,outer_reef,outer_slope,gentle_slope,0,0,0,0,0,0,0,0,0,0,0,0,0,0,0,0,0
HOLM-03,82.2,90,Lower_meso,outer_reef,outer_slope,gentle_slope,0,0,0,0,0,0,0,0,0,0,0,0,0,0,0,0,0
HOLM-03,87.6,90,Lower_meso,outer_reef,outer_slope,gentle_slope,0,0,0,0,0,0,0,0,0,0,0,0,0,0,0,0,0
HOLM-03,91.4,100,Lower_meso,outer_reef,outer_slope,gentle_slope,0,0,0,0,0,0,0,0,0,0,0,0,0,0,0,0,0
HOLM-03,98.7,100,Lower_meso,outer_reef,outer_slope,gentle_slope,0,0,0,0,0,0,0,0,0,0,0,0,0,0,0,0,0
HOLM-04,3,10,Shallow,outer_slope,outer_slope,gentle_slope,0,0,0,0,0,0,0,0,0,0,0,0,0,0,0,0,0
HOLM-04,7,10,Shallow,outer_slope,outer_slope,moderate_slope,0,0,0,0,0,0,0,0,0,0,0,0,0,0,0,0,0
HOLM-04,12,20,Shallow,outer_slope,outer_slope,moderate_slope,0,0,0,0,0,0,0,0,0,0,0,0,0,0,0,0,0
HOLM-04,17,20,Shallow,outer_slope,outer_slope,gentle_slope,0,0,0,0,0,0,0,0,0,0,0,0,0,0,0,0,0
HOLM-04,22,30,Shallow,outer_slope,outer_slope,gentle_slope,0,0,0,0,0,0,0,0,0,0,0,0,0,0,0,0,0
HOLM-04,28,30,Shallow,outer_slope,outer_slope,gentle_slope,0,0,0,0,0,0,0,0,0,0,0,0,0,0,0,0,0
HOLM-04,32,40,Upper_meso,outer_slope,outer_slope,gentle_slope,0,0,0,0,0,0,0,0,0,0,0,0,0,0,0,0,0
HOLM-04,37,40,Upper_meso,outer_slope,outer_slope,gentle_slope,0,0,0,0,0,0,0,0,0,0,0,0,0,0,0,0,0
HOLM-04,41,50,Upper_meso,outer_slope,outer_slope,gentle_slope,0,0,0,0,0,0,0,0,0,0,0,0,0,0,0,0,0
HOLM-04,47,50,Upper_meso,outer_slope,outer_slope,gentle_slope,0,0,0,0,0,0,0,0,0,0,0,0,0,0,0,0,0
HOLM-04,54,60,Upper_meso,outer_slope,outer_slope,flat,0,0,0,0,0,0,0,0,0,0,0,0,0,0,0,0,0
HOLM-04,56,60,Upper_meso,outer_slope,outer_slope,moderate_slope,0,0,0,0,0,0,0,0,0,0,0,0,0,0,0,0,0
HOLM-04,63,70,Lower_meso,outer_slope,outer_slope,steep_slope,0,0,0,0,0,0,0,0,0,0,0,0,0,0,0,0,0
HOLM-04,65,70,Lower_meso,outer_slope,outer_slope,wall,0,0,0,0,0,0,0,0,0,0,0,0,0,0,0,0,0
HOLM-04,71,80,Lower_meso,outer_slope,outer_slope,wall,0,0,0,0,0,0,0,0,0,0,0,0,0,0,0,0,0
HOLM-04,75,80,Lower_meso,outer_slope,outer_slope,wall,0,0,0,0,0,0,0,0,0,0,0,0,0,0,0,0,0
HOLM-04,81,90,Lower_meso,outer_slope,outer_slope,wall,0,0,0,0,0,0,0,0,0,0,0,0,0,0,0,0,0
HOLM-04,85,90,Lower_meso,outer_slope,outer_slope,wall,0,0,0,0,0,0,0,0,0,0,0,0,0,0,0,0,0
HOLM-04,91,100,Lower_meso,outer_slope,outer_slope,wall,0,0,0,0,0,0,0,0,0,0,0,0,0,0,0,0,0
HOLM-04,95,100,Lower_meso,outer_slope,outer_slope,wall,0,0,0,0,0,0,0,0,0,0,0,0,0,0,0,0,0
HSUP-01,9.6,10,Shallow,outer_reef,outer_slope,steep_slope,0,0,0,0,0,0,0,0,0,0,0,0,0,0,0,0,0
HSUP-01,13.7,20,Shallow,outer_reef,outer_slope,steep_slope,0,0,0,0,0,0,0,0,0,0,0,0,0,0,0,0,0
HSUP-01,18.6,20,Shallow,outer_reef,outer_slope,moderate_slope,0,0,0,0,0,0,0,0,0,0,0,0,0,0,0,0,0
HSUP-01,28.4,30,Shallow,outer_reef,outer_slope,gentle_slope,0,0,0,0,0,0,0,0,0,0,0,0,0,0,0,0,0
HSUP-01,39.6,40,Upper_meso,outer_reef,outer_slope,steep_slope,0,0,0,0,0,0,0,0,0,0,0,0,0,0,0,0,0
HSUP-01,47.6,50,Upper_meso,outer_reef,outer_slope,steep_slope,0,0,0,0,0,0,0,0,0,0,0,0,0,0,0,0,0
HSUP-01,55.5,60,Upper_meso,outer_reef,outer_slope,steep_slope,0,0,0,0,0,0,0,0,0,0,0,0,0,0,0,0,0
HSUP-01,61.3,70,Lower_meso,outer_reef,outer_slope,steep_slope,0,0,0,0,0,0,0,0,0,0,0,0,0,0,0,0,0
JULI-01,28,30,Shallow,outer_slope,outer_slope,gentle_slope,0,0,0,0,0,0,0,0,0,0,0,0,0,0,0,0,0
JULI-01,34.9,40,Upper_meso,outer_reef,outer_slope,gentle_slope,0,0,0,0,0,0,0,0,0,0,0,0,0,0,0,0,0
JULI-01,49.3,50,Upper_meso,outer_reef,outer_slope,gentle_slope,0,0,0,0,0,0,0,0,0,0,0,0,0,0,0,0,0
JULI-01,59,60,Upper_meso,outer_reef,outer_slope,gentle_slope,0,0,0,0,0,0,0,0,0,0,0,0,0,0,0,0,0
JULI-01,68,70,Lower_meso,outer_reef,outer_slope,flat,0,0,0,0,0,0,0,0,0,0,0,0,0,0,0,0,0
JULI-01,70,70,Lower_meso,outer_reef,outer_slope,gentle_slope,0,0,0,0,0,0,0,0,0,0,0,0,0,0,0,0,0
JULI-01,80,80,Lower_meso,outer_reef,outer_slope,moderate_slope,0,0,0,0,0,0,0,0,0,0,0,0,0,0,0,0,0
JULI-01,98,100,Lower_meso,outer_reef,outer_slope,steep_slope,0,0,0,0,0,0,0,0,0,0,0,0,0,0,0,0,0
JULI-02,35.4,40,Upper_meso,outer_reef,outer_slope,moderate_slope,0,0,0,0,0,0,0,0,0,0,0,0,0,0,0,0,0
JULI-02,47.6,50,Upper_meso,outer_reef,outer_slope,gentle_slope,0,0,0,0,0,0,0,0,0,0,0,0,0,0,0,0,0
JULI-02,55.6,60,Upper_meso,outer_reef,outer_slope,gentle_slope,0,0,0,0,0,0,0,0,0,0,0,0,0,0,0,0,0
JULI-02,59.1,60,Upper_meso,outer_reef,outer_slope,gentle_slope,0,0,0,0,0,0,0,0,0,0,0,0,0,0,0,0,0
JULI-02,67.1,70,Lower_meso,outer_reef,outer_slope,moderate_slope,0,0,0,0,0,0,0,0,0,0,0,0,0,0,0,0,0
JULI-02,77,80,Lower_meso,outer_reef,outer_slope,moderate_slope,0,0,0,0,0,0,0,0,0,0,0,0,0,0,0,0,0
JULI-02,86.4,90,Lower_meso,outer_reef,outer_slope,moderate_slope,0,0,0,0,0,0,0,0,0,0,0,0,0,0,0,0,0
JULI-02,94.2,100,Lower_meso,outer_reef,outer_slope,moderate_slope,0,0,0,0,0,0,0,0,0,0,0,0,0,0,0,0,0
JULI-02,98,100,Lower_meso,outer_reef,outer_slope,moderate_slope,0,0,0,0,0,0,0,0,0,0,0,0,0,0,0,0,0
KENN-01,31.1,40,Upper_meso,outer_reef,outer_slope,steep_slope,0,0,0,633.2230765,192.8068112,655.7275785,0,0,1040.782737,1009.592264,644.5706306,0,652.2449936,0,9845.389164,1521.789343,0
KENN-01,31.4,40,Upper_meso,outer_reef,outer_slope,gentle_slope,5726.822164,0,0,3151.768559,492.3428801,4408.457239,0,0,271.161091,767.9479901,1719.32876,0,4393.85952,0,26654.57247,3321.126165,0
KENN-01,32.3,40,Upper_meso,outer_reef,outer_slope,gentle_slope,0,0,0,535.333151,0,0,0,0,639.166651,1113.181462,0,1.873421996,25547.26401,6899.093399,34374.37726,0,0
KENN-01,40.8,50,Upper_meso,outer_reef,outer_slope,steep_slope,1394.165008,0,90.91442936,365.5430188,558.8168308,0,0,0,1891.975997,113.1104404,0,0,18141.77394,0,413.5761941,1346.549186,0
KENN-02,20,20,Shallow,lagoon,lagoon,gentle_slope,0,0,0,0,0,0,0,0,0,0,0,0,0,0,0,0,0
LORN-01,4,10,Shallow,outer_slope,outer_slope,flat,0,0,0,0,0,0,0,0,0,0,0,0,0,0,0,0,0
LORN-01,9,10,Shallow,outer_slope,outer_slope,flat,0,0,0,0,0,0,0,0,0,0,0,0,0,0,0,0,0
LORN-01,27,30,Shallow,outer_slope,outer_slope,flat,0,0,0,0,0,0,0,0,0,0,0,0,0,0,0,0,0
LORN-01,30.8,40,Upper_meso,outer_slope,outer_slope,flat,0,0,0,0,0,0,0,0,0,528.8208604,152.049426,0,0,0,0,0,0
LORN-01,31.2,40,Upper_meso,outer_slope,outer_slope,flat,0,0,0,0,0,0,0,0,480.8586523,469.0792177,88.07920104,65.74644797,0,0,100.1192783,0,0
LORN-01,31.7,40,Upper_meso,outer_slope,outer_slope,flat,0,0,64.03432468,26.93293025,0,0,0,0,3046.164264,738.7035384,0,0,0,0,10.01914315,0,0
LORN-01,32.5,40,Upper_meso,outer_slope,outer_slope,flat,0,0,0,219.913726,154.9383535,0,0,0,895.4403874,3546.75178,53.98170024,0,1486.380955,0,290.2777906,400.2667648,0
LORN-01,33,40,Upper_meso,outer_slope,outer_slope,flat,0,0,91.96016999,0,0,0,0,0,0,982.9478848,944.3740359,0,207.0048911,0,172.1415547,0,0
LORN-01,34,40,Upper_meso,outer_slope,outer_slope,flat,0,0,0,0,0,0,0,0,0,0,0,0,0,0,0,0,0
LORN-01,36.5,40,Upper_meso,outer_slope,outer_slope,flat,0,0,0,560.0283785,0,0,0,0,0,0,135.1815879,120.3517971,0,0,3548.559469,0,0
LORN-01,40,40,Upper_meso,outer_slope,outer_slope,gentle_slope,911.5583476,0,141.5612956,2386.875465,346.1004068,0,0,0,1091.978549,1783.500818,3755.324599,426.0202343,4308.343759,0,0,0,0
LORN-01,44.8,50,Upper_meso,outer_slope,outer_slope,gentle_slope,0,0,274.425811,1574.257813,142.050736,0,0,0,2025.970378,951.875648,0,0,6112.907852,0,4673.942488,0,0
LORN-01,45.1,50,Upper_meso,outer_slope,outer_slope,flat,0,0,0,638.8514049,569.2173363,0,0,0,605.2064996,1921.822875,138.2479681,0,0,0,1446.448892,1093.610334,0
LORN-01,46,50,Upper_meso,outer_slope,outer_slope,steep_slope,0,0,0,0,0,0,0,0,0,0,0,0,0,0,0,0,0
LORN-01,50.1,60,Upper_meso,outer_slope,outer_slope,steep_slope,0,0,294.3886439,0,0,0,0,0,235.7524116,0,286.9463926,0,5236.158069,0,0,0,737.4894433
LORN-01,52,60,Upper_meso,outer_slope,outer_slope,steep_slope,0,0,0,0,0,0,0,0,0,0,0,0,0,0,0,0,0
LORN-01,55.2,60,Upper_meso,outer_slope,outer_slope,steep_slope,0,0,327.2568614,0,457.6341543,0,0,0,837.9973563,343.816609,94.72048789,0,0,0,0,679.2929483,0
LORN-01,55.6,60,Upper_meso,outer_slope,outer_slope,steep_slope,0,0,0,0,0,0,0,0,0,689.1203723,307.0520241,0,0,0,2235.805413,281.5823788,0
LORN-01,64,70,Lower_meso,outer_slope,outer_slope,steep_slope,0,0,0,0,0,0,0,0,0,0,0,0,0,0,0,0,0
LORN-01,74,80,Lower_meso,outer_slope,outer_slope,wall,0,0,0,0,0,0,0,0,0,0,0,0,0,0,0,0,0
LORN-01,81,90,Lower_meso,outer_slope,outer_slope,wall,0,0,0,0,0,0,0,0,0,0,0,0,0,0,0,0,0
LORN-01,86,90,Lower_meso,outer_slope,outer_slope,wall,0,0,0,0,0,0,0,0,0,0,0,0,0,0,0,0,0
LORN-02,7,10,Shallow,lagoon,lagoon,flat,0,0,0,0,0,0,0,0,0,0,0,0,0,0,0,0,0
LORN-02,15,20,Shallow,lagoon,lagoon,flat,0,0,0,0,0,0,0,0,0,0,0,0,0,0,0,0,0
LORN-02,25,30,Shallow,lagoon,lagoon,flat,0,0,0,0,0,0,0,0,0,0,0,0,0,0,0,0,0
MARG-01,9,10,Shallow,outer_reef,outer_slope,gentle_slope,0,0,0,0,0,0,0,0,0,0,0,0,0,0,0,0,0
MARG-01,17.3,20,Shallow,outer_reef,outer_slope,gentle_slope,0,0,0,0,0,0,0,0,0,0,0,0,0,0,0,0,0
MARG-01,25.2,30,Shallow,outer_reef,outer_slope,moderate_slope,0,0,0,0,0,0,0,0,0,0,0,0,0,0,0,0,0
MARG-01,34.2,40,Upper_meso,outer_reef,outer_slope,moderate_slope,0,0,0,0,0,0,0,0,0,0,0,0,0,0,0,0,0
MARG-01,43.6,50,Upper_meso,outer_reef,outer_slope,moderate_slope,0,0,0,0,0,0,0,0,0,0,0,0,0,0,0,0,0
MARG-01,53.3,60,Upper_meso,outer_reef,outer_slope,steep_slope,0,0,0,0,0,0,0,0,0,0,0,0,0,0,0,0,0
MARG-01,62,70,Lower_meso,outer_reef,outer_slope,gentle_slope,0,0,0,0,0,0,0,0,0,0,0,0,0,0,0,0,0
MARG-01,72.2,80,Lower_meso,outer_reef,outer_slope,moderate_slope,0,0,0,0,0,0,0,0,0,0,0,0,0,0,0,0,0
MARG-01,91,100,Lower_meso,outer_reef,outer_slope,steep_slope,0,0,0,0,0,0,0,0,0,0,0,0,0,0,0,0,0
MARG-01,91.9,100,Lower_meso,outer_reef,outer_slope,steep_slope,0,0,0,0,0,0,0,0,0,0,0,0,0,0,0,0,0
MARG-02,6.4,10,Shallow,lagoon,lagoon,moderate_slope,0,0,0,0,0,0,0,0,0,0,0,0,0,0,0,0,0
MARG-02,7.7,10,Shallow,lagoon,lagoon,moderate_slope,0,0,0,0,0,0,0,0,0,0,0,0,0,0,0,0,0
MARG-02,13.8,20,Shallow,lagoon,lagoon,moderate_slope,0,0,0,0,0,0,0,0,0,0,0,0,0,0,0,0,0
MARG-02,24.3,30,Shallow,lagoon,lagoon,gentle_slope,0,0,0,0,0,0,0,0,0,0,0,0,0,0,0,0,0
MARG-02,34.5,40,Upper_meso,lagoon,lagoon,moderate_slope,0,0,0,0,0,0,0,0,0,0,0,0,0,0,0,0,0
MARG-02,34.9,40,Upper_meso,lagoon,lagoon,moderate_slope,0,0,0,0,0,0,0,0,0,0,0,0,0,0,0,0,0
MARG-02,42.2,50,Upper_meso,lagoon,lagoon,moderate_slope,0,0,0,0,0,0,0,0,0,0,0,0,0,0,0,0,0
MARG-02,43.8,50,Upper_meso,lagoon,lagoon,gentle_slope,0,0,0,0,0,0,0,0,0,0,0,0,0,0,0,0,0
MARI-01,33.9,40,Upper_meso,lagoon,lagoon,flat,0,0,0,86.95593583,514.6426958,0,0,0,689.3316786,164.7506135,0,0,77819.18521,8022.765021,0,494.8491271,0
MARI-01,34.7,40,Upper_meso,lagoon,lagoon,flat,0,0,0,0,0,0,0,0,0,0,0,0,280.3358345,0,0,0,0
MARI-01,34.9,40,Upper_meso,lagoon,lagoon,flat,0,0,0,0,0,0,0,0,0,25.98517339,0,0,354.3619306,0,7025.749083,0,0
MARI-01,35,40,Upper_meso,lagoon,lagoon,flat,0,0,0,116.5462626,294.3564214,0,0,0,0,0,0,0,0,0,12.89888194,556.3237617,0
MARI-01,35.1,40,Upper_meso,lagoon,lagoon,flat,0,0,0,0,0,0,0,0,5657.936259,68.98591973,0,0,0,0,3.52000752,0,0
MARI-02,18,20,Shallow,lagoon,lagoon,flat,0,0,0,0,0,0,0,0,0,0,0,0,0,0,0,0,0
MARI-02,38,40,Upper_meso,lagoon,lagoon,flat,0,0,0,0,0,0,0,0,0,0,0,0,0,0,0,0,0
MARI-02,41,50,Upper_meso,lagoon,lagoon,flat,0,0,0,0,0,0,0,0,0,0,0,0,0,0,0,0,0
MARI-02,43,50,Upper_meso,lagoon,lagoon,flat,0,0,0,0,0,0,0,0,0,0,0,0,0,0,0,0,0
MARI-02,44,50,Upper_meso,lagoon,lagoon,flat,0,0,0,0,0,0,0,0,0,0,0,0,0,0,0,0,0
MARI-02,45,50,Upper_meso,lagoon,lagoon,flat,0,0,0,0,0,0,0,0,0,0,0,0,0,0,0,0,0
MARI-02,46,50,Upper_meso,lagoon,lagoon,flat,0,0,0,0,0,0,0,0,0,0,0,0,0,0,0,0,0
MARI-02,48,50,Upper_meso,lagoon,lagoon,flat,0,0,0,0,0,0,0,0,0,0,0,0,0,0,0,0,0
MARI-02,54,60,Upper_meso,lagoon,lagoon,flat,0,0,0,0,0,0,0,0,0,0,0,0,0,0,0,0,0
MIDD-01,4,10,Shallow,inner_reef,inner_reef,flat,0,0,0,0,0,0,0,0,0,0,0,0,0,0,0,0,0
MIDD-01,5,10,Shallow,inner_reef,inner_reef,flat,0,0,0,0,0,0,0,0,0,0,0,0,0,0,0,0,0
MIDD-01,10,10,Shallow,inner_reef,inner_reef,flat,0,0,0,0,0,0,0,0,0,0,0,0,0,0,0,0,0
MIDD-01,11,20,Shallow,inner_reef,inner_reef,flat,0,0,0,0,0,0,0,0,0,0,0,0,0,0,0,0,0
MIDD-01,21,30,Shallow,inner_reef,inner_reef,steep_slope,0,0,0,0,0,0,0,0,0,0,0,0,0,0,0,0,0
MIDD-01,26,30,Shallow,inner_reef,inner_reef,flat,0,0,0,0,0,0,0,0,0,0,0,0,0,0,0,0,0
MIDD-01,28,30,Shallow,inner_reef,inner_reef,flat,0,0,0,0,0,0,0,0,0,0,0,0,0,0,0,0,0
MIDD-01,30,30,Shallow,inner_reef,inner_reef,flat,0,0,0,0,0,0,0,0,0,0,0,0,0,0,0,0,0
MIDD-01,40,40,Upper_meso,inner_reef,inner_reef,flat,0,0,0,0,0,0,0,0,0,0,0,0,0,0,0,0,0
OBSN-01,5,10,Shallow,outer_reef,outer_slope,wall,0,0,0,0,0,0,0,0,0,0,0,0,0,0,0,0,0
OBSN-01,16,20,Shallow,outer_reef,outer_slope,wall,0,0,0,0,0,0,0,0,0,0,0,0,0,0,0,0,0
OBSN-01,25,30,Shallow,outer_reef,outer_slope,wall,0,0,0,0,0,0,0,0,0,0,0,0,0,0,0,0,0
OBSN-01,33,40,Upper_meso,outer_reef,outer_slope,wall,0,0,0,0,0,0,0,0,0,0,0,0,0,0,0,0,0
OBSN-01,41,50,Upper_meso,outer_reef,outer_slope,wall,0,0,0,0,0,0,0,0,0,0,0,0,0,0,0,0,0
OBSN-01,55,60,Upper_meso,outer_reef,outer_slope,wall,0,0,0,0,0,0,0,0,0,0,0,0,0,0,0,0,0
OBSN-01,63,70,Lower_meso,outer_reef,outer_slope,wall,0,0,0,0,0,0,0,0,0,0,0,0,0,0,0,0,0
OBSN-01,76,80,Lower_meso,outer_reef,outer_slope,wall,0,0,0,0,0,0,0,0,0,0,0,0,0,0,0,0,0
OBSN-01,82,90,Lower_meso,outer_reef,outer_slope,wall,0,0,0,0,0,0,0,0,0,0,0,0,0,0,0,0,0
OBSN-01,96,100,Lower_meso,outer_reef,outer_slope,wall,0,0,0,0,0,0,0,0,0,0,0,0,0,0,0,0,0
OSPR-01,5.1,10,Shallow,outer_reef,outer_slope,moderate_slope,767.3416345,0,194.068087,145.8448968,1472.133676,4907.832981,0,0,1598.054842,313.5661314,0,0,996.6653436,600.1763409,176.4167243,0,0
OSPR-01,7,10,Shallow,outer_reef,outer_slope,steep_slope,915.0637475,0,0,0,984.0363901,4782.223806,0,0,552.6025174,127.4589737,1930.393397,0,0,6695.158018,10221.87128,0,0
OSPR-01,7.1,10,Shallow,outer_reef,outer_slope,moderate_slope,0,0,284.6078358,64.09152833,1059.750738,3216.730299,0,0,127.1850925,739.1123237,0,0,86.82285622,0,15.00074432,0,0
OSPR-01,7.1,10,Shallow,outer_reef,outer_slope,wall,0,0,0,0,1211.05075,1329.956373,0,0,0,0,270.3828588,0,0,0,25483.24333,912.4886405,0
OSPR-01,9.1,10,Shallow,outer_reef,outer_slope,moderate_slope,0,0,0,98.55794765,317.9782558,0,0,0,0,536.6600238,0,0,0,0,1012.235993,0,0
OSPR-01,9.1,10,Shallow,outer_reef,outer_slope,wall,0,0,97.78767014,662.2431845,1368.004226,24404.74822,0,0,484.0350197,347.8843965,274.9236513,0,60.11523352,483.4498832,1540.2982,173.4318209,0
OSPR-01,12.7,20,Shallow,outer_reef,outer_slope,moderate_slope,0,0,32.34070975,1282.941543,149.2374532,0,0,48.64741295,445.1102884,393.0207247,0,0,0,1823.389338,59.56222391,0,0
OSPR-01,14.1,20,Shallow,outer_reef,outer_slope,wall,0,0,44.40980967,302.2016563,859.9915026,0,0,0,143.1238704,166.1036874,201.7533748,0,1163.461818,0,3653.983332,0,0
OSPR-01,15.4,20,Shallow,outer_reef,outer_slope,steep_slope,0,0,10.89215285,161.0202011,163.6603972,0,0,0,0,609.6764779,50.39161367,0,131.0357559,0,146.6929073,1975.381387,168.9014289
OSPR-01,16.4,20,Shallow,outer_reef,outer_slope,wall,0,0,0,141.2666307,0,1781.353848,0,0,500.1542741,0,284.2008744,0,0,0,1572.959833,171.0348359,0
OSPR-01,18.8,20,Shallow,outer_reef,outer_slope,wall,0,0,0,1233.045905,0,0,0,0,99.10456958,325.0861505,588.1961628,0,452.7859918,0,191.8506824,677.1431468,0
OSPR-01,18.9,20,Shallow,outer_reef,outer_slope,steep_slope,0,0,57.10396044,0,39.36369061,0,0,0,0,0,0,0,0,0,2500.689651,0,0
OSPR-01,21.8,30,Shallow,outer_reef,outer_slope,steep_slope,1213.007999,0,0,1189.357185,53.07623669,381.2175836,0,0,3946.788129,451.6328172,283.0123616,21.45046721,677.3257404,0,917.4377934,261.2479304,0
OSPR-01,23.7,30,Shallow,outer_reef,outer_slope,moderate_slope,0,0,0,0,240.1049724,0,0,0,1670.485897,1050.537878,0,0,756.8895328,0,815.4972857,786.9455555,0
OSPR-01,25.1,30,Shallow,outer_reef,outer_slope,steep_slope,0,0,0,0,0,0,0,0,3931.888804,123.8968282,0,0,199.3278713,0,83.11764029,0,0
OSPR-01,25.5,30,Shallow,outer_reef,outer_slope,moderate_slope,0,0,0,84.809338,0,3407.911123,0,0,352.2811264,1866.382765,0,0,0,343.2815444,36.60703165,169.4605534,0
OSPR-01,28.2,30,Shallow,outer_reef,outer_slope,wall,1297.553993,0,0,118.592873,0,1741.572926,0,0,113.9603929,1703.018074,0,0,2522.852902,0,4438.737584,1962.222934,0
OSPR-01,28.8,30,Shallow,outer_reef,outer_slope,moderate_slope,0,0,138.2748302,0,279.8062237,0,17.47542952,0,249.4412771,375.1413443,0,0,0,48.80092158,230.582878,735.4897792,0
OSPR-01,32.8,40,Upper_meso,outer_reef,outer_slope,moderate_slope,0,0,0,18.63829861,68.33111306,0,0,0,0,61.82133072,8413.235582,0,56.59557342,0,1579.118644,0,0
OSPR-01,33.3,40,Upper_meso,outer_reef,outer_slope,wall,0,0,0,137.7718669,27.84606959,0,0,0,632.325347,1092.948816,1102.296013,0,0,0,113.2933389,0,114.8883111
OSPR-01,35.3,40,Upper_meso,outer_reef,outer_slope,steep_slope,782.5574522,0,0,260.6313165,22.08191336,0,0,0,1025.434566,338.9657835,804.9842897,0,1520.701754,477.0033642,5214.352617,531.6134889,0
OSPR-01,35.7,40,Upper_meso,outer_reef,outer_slope,gentle_slope,0,0,0,38.27454921,61.6294231,0,0,0,183.2109782,147.5389506,23.7352138,0,120.4597766,0,782.8011259,0,0
OSPR-01,36.6,40,Upper_meso,outer_reef,outer_slope,moderate_slope,0,0,27.28366599,74.11494547,70.38362321,0,0,0,1107.557907,282.51939,0,0,0,0,910.7900624,171.3621154,0
OSPR-01,38.2,40,Upper_meso,outer_reef,outer_slope,wall,0,0,266.0851758,165.5649887,0,0,0,0,1208.616925,520.0183701,2183.705494,0,921.2446033,0,1899.349309,417.6624476,0
OSPR-01,41.2,50,Upper_meso,outer_reef,outer_slope,wall,0,0,0,37.37796596,0,0,0,0,176.6618599,78.6116006,8343.38056,0,12827.01922,0,793.4490697,0,0
OSPR-01,43.2,50,Upper_meso,outer_reef,outer_slope,wall,0,0,0,0,0,0,0,0,2714.883102,198.8035082,80.71917948,0,5761.81596,0,691.0246098,0,0
OSPR-01,44.7,50,Upper_meso,outer_reef,outer_slope,moderate_slope,0,0,0,0,0,0,0,0,3431.000874,615.2637429,0,0,4546.056759,815.4512942,3037.410591,0,0
OSPR-01,44.7,50,Upper_meso,outer_reef,outer_slope,wall,0,0,0,10.57059716,0,0,0,0,0,254.2223376,0,0,8925.329739,0,252.0869221,0,0
OSPR-01,47.3,50,Upper_meso,outer_reef,outer_slope,wall,0,0,165.3443927,0,0,0,0,0,571.4606947,144.9948193,592.1663987,0,0,0,1185.248031,0,0
OSPR-01,47.8,50,Upper_meso,outer_reef,outer_slope,moderate_slope,0,0,71.38455792,497.1277205,214.8399912,0,0,0,7928.629744,154.9711848,0,0,5146.869217,0,3238.176252,0,0
OSPR-01,52.4,60,Upper_meso,outer_reef,outer_slope,steep_slope,0,0,74.4394624,49.42493198,0,1657.876757,0,0,2298.264791,160.8668506,0,0,48987.33406,0,4264.373779,434.3249416,0
OSPR-01,52.8,60,Upper_meso,outer_reef,outer_slope,steep_slope,0,0,0,2.022401405,0,4261.822795,0,0,1832.946509,266.9657574,0,0,6992.722765,0,486.5298087,0,24.54808093
OSPR-01,53.2,60,Upper_meso,outer_reef,outer_slope,steep_slope,2091.355857,0,0,0,0,0,0,0,420.0070849,0,47.97582995,0,0,0,1197.051997,0,0
OSPR-01,55,60,Upper_meso,outer_reef,outer_slope,steep_slope,0,0,0,444.2401258,0,59.63250403,0,0,1694.710546,235.0091462,219.7248968,0,0,0,995.3632357,0,0
OSPR-01,56.2,60,Upper_meso,outer_reef,outer_slope,wall,0,0,0,0,0,0,0,0,304.0660305,179.1454272,39.3898708,0,452.2160964,0,259.9337053,0,0
OSPR-01,57.2,60,Upper_meso,outer_reef,outer_slope,steep_slope,0,0,0,0,0,0,0,0,150.089676,0,33106.1396,0,42015.01302,0,228.794879,0,46.91128947
OSPR-01,63.2,70,Lower_meso,outer_reef,outer_slope,moderate_slope,0,0,0,29.87716675,0,0,0,0,719.7934676,786.8592419,142.9627116,0,821.5098971,1793.15777,793.1453025,0,0
OSPR-01,64.6,70,Lower_meso,outer_reef,outer_slope,steep_slope,0,0,147.9289451,0,0,0,0,0,1723.347852,1433.742936,635.319611,0,286.4958275,0,4156.967095,0,0
OSPR-01,65.8,70,Lower_meso,outer_reef,outer_slope,steep_slope,0,0,0,29.63743768,0,0,0,0,613.8103323,25.09452469,75.31755699,0,0,0,1065.169453,0,0
OSPR-01,66.2,70,Lower_meso,outer_reef,outer_slope,steep_slope,0,0,0,209.9324762,0,0,0,0,2000.617195,197.5667118,0,0,533.8251793,0,430.0338206,0,0
OSPR-01,67.8,70,Lower_meso,outer_reef,outer_slope,steep_slope,0,0,0,111.4860003,0,0,0,0,1437.628258,108.1699062,0,0,0,0,399.3564075,0,0
OSPR-01,70.2,80,Lower_meso,outer_reef,outer_slope,steep_slope,0,0,0,0,0,0,0,0,596.247972,174.969207,24502.8079,0,8318.392546,0,1111.504385,0,0
OSPR-01,70.9,80,Lower_meso,outer_reef,outer_slope,steep_slope,0,0,50.73990045,0,0,0,0,0,0,206.6000505,117.6082838,0,0,0,601.6882207,0,0
OSPR-01,72.2,80,Lower_meso,outer_reef,outer_slope,steep_slope,0,0,0,0,0,0,0,0,723.6928897,35.80121283,0,0,132166.3834,0,467.3291134,0,0
OSPR-01,74.4,80,Lower_meso,outer_reef,outer_slope,steep_slope,0,0,0,0,0,0,0,0,971.6350745,145.4094861,0,0,612.5034089,0,706.2707692,0,2534.279827
OSPR-01,77,80,Lower_meso,outer_reef,outer_slope,steep_slope,0,0,23.75839217,0,0,0,0,0,2423.031839,549.2623042,0,0,0,0,657.7201983,0,0
OSPR-01,77.2,80,Lower_meso,outer_reef,outer_slope,steep_slope,0,0,0,31.98363343,0,0,0,0,1729.264586,0,4.13118998,0,0,0,454.4368711,0,0
OSPR-01,82.3,90,Lower_meso,outer_reef,outer_slope,wall,0,0,0,0,0,0,0,0,427.5250377,100.5171629,40.1014619,0,0,0,629.2269127,0,0
OSPR-01,82.5,90,Lower_meso,outer_reef,outer_slope,steep_slope,0,0,0,0,0,0,0,0,0,0,1256.947045,0,0,0,1585.116828,0,0
OSPR-01,84.5,90,Lower_meso,outer_reef,outer_slope,steep_slope,0,0,0,0,0,0,0,0,0,0,0,0,635.5826232,0,1461.183194,0,0
OSPR-01,85.1,90,Lower_meso,outer_reef,outer_slope,steep_slope,0,0,0,0,0,0,0,0,0,24.60044078,0,0,10957.41775,0,747.6446609,0,0
OSPR-01,86.4,90,Lower_meso,outer_reef,outer_slope,steep_slope,0,0,0,0,0,0,0,0,0,0,0,0,0,0,86.96955244,0,0
OSPR-01,87.6,90,Lower_meso,outer_reef,outer_slope,wall,0,0,0,0,0,0,0,0,0,0,21341.53048,0,0,0,661.7260976,0,0
OSPR-01,90.4,100,Lower_meso,outer_reef,outer_slope,steep_slope,0,0,0,0,0,0,0,0,360.935153,0,16.86605098,0,17.45802847,0,124.623665,0,0
OSPR-01,91.1,100,Lower_meso,outer_reef,outer_slope,wall,0,0,0,0,0,0,0,0,0,740.3545776,0,0,5049.734301,29862.68376,6.650602632,0,0
OSPR-01,91.3,100,Lower_meso,outer_reef,outer_slope,wall,0,0,0,0,0,0,0,0,238.8420649,460.3657366,150.2522766,0,0,0,1557.405048,0,0
OSPR-01,92.4,100,Lower_meso,outer_reef,outer_slope,wall,0,0,0,0,0,0,0,0,1224.957835,474.0617911,0,0,0,0,481.0984342,0,0
OSPR-01,93.9,100,Lower_meso,outer_reef,outer_slope,wall,0,0,0,0,0,0,0,0,0,230.2285413,19.42682733,0,0,0,259.9706363,0,0
OSPR-01,94,100,Lower_meso,outer_reef,outer_slope,wall,0,0,0,0,0,0,0,0,0,48.53521482,22.34932336,0,331.3542821,0,0,0,0
OSPR-01,96.3,100,Lower_meso,outer_reef,outer_slope,wall,0,0,0,0,0,0,0,0,335.1527451,28.03456404,63.62757704,0,273617.539,0,243.3554993,3279.590754,0
OSPR-01,98.8,100,Lower_meso,outer_reef,outer_slope,wall,0,0,0,0,0,0,0,0,0,165.087967,1903.865462,0,0,0,11156.36191,0,0
OSPR-02,6.1,10,Shallow,outer_reef,outer_slope,gentle_slope,0,0,169.0482252,13369.04911,8155.310102,809.5624544,0,0,14238.3039,885.7140714,0,0,209.0334869,401.6165889,4654.672137,17793.02583,0
OSPR-02,6.2,10,Shallow,outer_reef,outer_slope,moderate_slope,49070.42703,0,19.07834655,224.3823473,7901.083027,16735.10091,0,0,3107.945349,1009.322716,2129.817776,0,0,477.0033642,4887.435042,5952.676418,0
OSPR-02,7.3,10,Shallow,outer_reef,outer_slope,moderate_slope,2003.020098,0,0,1160.179519,3416.101992,850.2494274,0,0,4893.301396,318.319899,4780.823257,0,6542.986558,343.1623074,1897.863673,5354.836424,277.8300069
OSPR-02,8.2,10,Shallow,outer_reef,outer_slope,moderate_slope,2898.115704,0,414.4289009,549.6892692,4306.887181,2194.70778,0,0,2076.408954,626.3718084,4281.122958,0,964.872822,0,2818.037743,1835.851373,0
OSPR-02,9.4,10,Shallow,outer_reef,outer_slope,moderate_slope,0,0,182.9550794,633.9589559,910.4204783,13252.76708,0,0,2257.581541,908.7022403,226.8196727,0,392.9914922,0,4379.848067,0,558.1860545
OSPR-02,12.7,20,Shallow,outer_reef,outer_slope,moderate_slope,0,0,116.4581482,220.3564216,716.608499,9305.530304,0,0,3003.013218,492.7825016,58.35100734,0,595.2144005,0,1661.601859,29051.29674,0
OSPR-02,14.1,20,Shallow,outer_reef,outer_slope,steep_slope,2721.025202,0,79.9161628,74.35817108,325.4632696,1740.041185,0,0,0,51.35326111,0,0,0,0,1179.126502,2622.168857,0
OSPR-02,15.8,20,Shallow,outer_reef,outer_slope,steep_slope,0,0,0,76.65743416,12.88893843,2684.774113,0,49.70358804,352.8568273,82.86869865,0,0,0,0,600.1000539,1194.834307,0
OSPR-02,17.1,20,Shallow,outer_reef,outer_slope,wall,0,0,0,46.33307507,22.56622382,281.3046456,0,0,420.0070849,0,1467.47327,0,0,0,836.2672187,0,0
OSPR-02,18.2,20,Shallow,outer_reef,outer_slope,wall,0,0,108.9527542,164.0514287,0,499.0449112,0,0,878.0508825,1455.662658,0,0,240.4247594,0,2949.053024,242.9973314,25.54089455
OSPR-02,21.4,30,Shallow,outer_reef,outer_slope,moderate_slope,0,0,0,175.2192643,200.9189373,0,0,0,1688.580231,0,0,0,533.8894003,0,4765.984092,0,0
OSPR-02,23.1,30,Shallow,outer_reef,outer_slope,wall,0,0,65.46135083,325.5325061,53.24546263,0,0,0,0,362.9239963,339.9999203,0,0,235.2316813,4983.783733,3533.68029,0
OSPR-02,24.9,30,Shallow,outer_reef,outer_slope,steep_slope,299.1297122,0,52.87236932,0,76.33210329,0,0,0,116.4919554,43.0540966,0,0,0,0,1158.787018,5353.612795,0
OSPR-02,27.7,30,Shallow,outer_reef,outer_slope,steep_slope,483.277532,0,0,0,81.478371,0,0,0,0,142.9977648,646.8813754,8.493461468,588.8011365,0,1129.178608,3428.143892,0
OSPR-02,28,30,Shallow,outer_reef,outer_slope,steep_slope,0,0,0,0,246.8628631,0,0,0,700.093222,72.74059953,134.241793,0,907.1328315,0,1029.761953,0,0
OSPR-02,32.2,40,Upper_meso,outer_reef,outer_slope,steep_slope,0,0,0,28.54544517,31.83382336,0,0,0,0,176.6036857,0,59.44770736,2087.662468,0,1424.384962,0,0
OSPR-02,33.2,40,Upper_meso,outer_reef,outer_slope,steep_slope,0,0,24.21858462,152.6601785,41.89208959,0,0,0,186.069673,0,137.0261191,0,951.7696908,0,673.9436405,2657.524548,0
OSPR-02,35,40,Upper_meso,outer_reef,outer_slope,steep_slope,0,0,0,56.05173794,0,0,0,0,0,175.5623895,0,0,105.3054996,3212.086583,765.2260277,0,0
OSPR-02,36.9,40,Upper_meso,outer_reef,outer_slope,steep_slope,0,0,0,0,0,0,0,0,0,261.8464391,137.0261191,0,0,0,716.142383,0,0
OSPR-02,38.1,40,Upper_meso,outer_reef,outer_slope,steep_slope,0,0,0,220.5225148,0,0,0,0,6981.094691,958.5761523,262.3192556,0,83146.32242,0,2261.804677,847.0657335,0
OSPR-02,42.3,50,Upper_meso,outer_reef,outer_slope,moderate_slope,0,0,183.8354864,2.239267103,160.2461049,4887.913416,0,0,524.9594839,566.3884381,0,0,61.40971541,0,2625.557298,2359.969908,0
OSPR-02,44.4,50,Upper_meso,outer_reef,outer_slope,steep_slope,0,0,0,0,0,0,0,0,1393.45783,2716.998379,650.1391646,0,0,0,7709.913384,0,0
OSPR-02,44.8,50,Upper_meso,outer_reef,outer_slope,wall,0,0,32.35388518,0,0,0,0,0,273.4374292,56.33228316,94.71874082,0,41498.626,2190.618964,17338.32293,0,0
OSPR-02,47.7,50,Upper_meso,outer_reef,outer_slope,steep_slope,343.1015694,0,215.9716536,0,0,874.7725758,0,0,476.0912835,1402.264179,0,5.751372772,1087.282903,1016.350137,8692.615655,3028.561572,0
OSPR-02,47.8,50,Upper_meso,outer_reef,outer_slope,moderate_slope,0,0,0,4.53430578,110.5150283,0,0,0,0,117.6468268,0,39.12935045,1352.116432,0,2150.095662,0,0
OSPR-02,52.3,60,Upper_meso,outer_reef,outer_slope,steep_slope,0,0,0,0,0,0,0,0,87.58214916,268.8506068,1472.980068,0,3303.304385,0,1909.243271,0,0
OSPR-02,54.6,60,Upper_meso,outer_reef,outer_slope,wall,0,0,261.5556945,0,0,0,0,0,711.1482545,73.88002865,724.4715697,0,5590.398009,0,3204.76979,0,0
OSPR-02,59.8,60,Upper_meso,outer_reef,outer_slope,wall,0,0,0,0,0,0,0,0,212.671043,123.0807919,163.280216,0,17598.08605,0,1648.097408,0,0
OSPR-02,61.4,70,Lower_meso,outer_reef,outer_slope,steep_slope,0,0,0,0,75.373194,0,0,0,0,88.32584132,47.84705754,0,123.1650024,0,531.0156873,0,0
OSPR-02,64.2,70,Lower_meso,outer_reef,outer_slope,steep_slope,0,0,0,8.441010598,0,0,0,0,38.43508399,48.83529687,0,9.978711759,63.95953699,0,464.4887692,0,0
OSPR-02,68,70,Lower_meso,outer_reef,outer_slope,steep_slope,0,0,0,0,0,5357.584405,0,0,0,88.78009129,0,0,26.32278504,0,293.2936632,0,0
OSPR-02,71.6,80,Lower_meso,outer_reef,outer_slope,steep_slope,0,0,0,0,98.28853035,0,0,0,166.5797003,0,112.4289551,157.4000437,294.7491357,0,999.4219931,0,0
OSPR-02,74.4,80,Lower_meso,outer_reef,outer_slope,steep_slope,0,0,0,0,0,0,0,0,0,0,70.19595826,0,0,0,286.0730296,0,0
OSPR-02,77.2,80,Lower_meso,outer_reef,outer_slope,steep_slope,0,0,0,0,0,0,0,0,335.1527451,149.030904,0,21.77573725,39.63271656,0,228.1450138,0,0
OSPR-02,80.6,90,Lower_meso,outer_reef,outer_slope,steep_slope,0,0,0,150.3095428,0,0,0,0,1864.806532,317.3098718,35.51229044,24.4645521,75.93686147,0,1577.520731,0,0
OSPR-02,84,90,Lower_meso,outer_reef,outer_slope,wall,0,0,0,0,0,0,0,0,134.0279079,0,0,0,302.7810362,0,100.4413282,0,0
OSPR-02,87.6,90,Lower_meso,outer_reef,outer_slope,wall,0,0,0,0,0,0,0,0,2602.549235,363.1131084,46.21339921,0,0,0,1030.80732,0,0
OSPR-02,90.6,100,Lower_meso,outer_reef,outer_slope,wall,0,0,0,0,0,0,0,0,0,0,1122.988058,0,0,0,57.44325862,0,0
OSPR-02,94.1,100,Lower_meso,outer_reef,outer_slope,wall,0,0,0,0,0,0,0,0,509.4942722,5.64632612,859.3714926,0,0,609.6364579,13495.12157,0,1591.467896
OSPR-02,97.2,100,Lower_meso,outer_reef,outer_slope,wall,0,0,0,0,0,0,0,0,0,0,8.793890867,0,136949.172,0,151.9463641,0,0
OSPR-03,6.4,10,Shallow,outer_reef,outer_slope,moderate_slope,0,0,35.01780215,1851.432242,11214.85411,8644.496515,0,0,2075.327088,1425.590484,6400.46005,0,750.203726,364.8204677,5714.975923,5257.277697,43.72013324
OSPR-03,8.3,10,Shallow,outer_reef,outer_slope,moderate_slope,719.9924031,0,66.71821655,785.4649451,4804.446684,822.0367464,0,0,2237.989729,1403.436352,1370.719305,0,243.6869718,7502.894425,4731.383463,993.770665,0
OSPR-03,14.5,20,Shallow,outer_reef,outer_slope,wall,0,0,441.5414956,318.00915,133.3830394,348.0673683,0,0,0,0,255.9321734,0,0,1191.79701,1871.812678,0,0
OSPR-03,18.1,20,Shallow,outer_reef,outer_slope,steep_slope,0,0,88.7510397,193.2166139,0,736.002198,0,0,373.2705467,34.00747263,0,0,0,0,3598.415708,0,0
OSPR-03,24.4,30,Shallow,outer_reef,outer_slope,steep_slope,0,0,0,140.0641393,93.87100459,0,0,0,508.7956371,68.01494525,568.8110884,0,104.071464,0,2564.288158,0,0
OSPR-03,28.2,30,Shallow,outer_reef,outer_slope,wall,0,0,159.1238888,230.2877474,430.8895463,0,0,0,444.9124811,1748.386909,202.7548613,0,350892.0415,0,14482.38801,0,0
OSPR-03,34.3,40,Upper_meso,outer_reef,outer_slope,steep_slope,0,0,120.5147779,0,73.94773259,0,0,0,496.3397777,331.1080159,404.0085657,0,520.7455627,20236.16014,2197.549472,154.6039915,0
OSPR-03,37.5,40,Upper_meso,outer_reef,outer_slope,steep_slope,567.045523,0,101.867818,0,0,0,0,0,301.7840628,1345.391187,335.9459351,0,0,116.8357288,5719.313817,0,0
OSPR-03,45.8,50,Upper_meso,outer_reef,outer_slope,wall,0,0,0,3.778096699,0,0,0,0,97.49569744,995.6440978,44.54722384,0,55605.95991,0,8551.639887,0,0
OSPR-03,47.4,50,Upper_meso,outer_reef,outer_slope,wall,0,0,0,0,0,0,0,0,10458.54604,0,0,0,1726.797825,0,5210.685817,0,0
OSPR-03,51,60,Upper_meso,outer_reef,outer_slope,wall,0,0,0,0,0,0,0,0,736.8084815,1460.589664,0,0,0,0,1312.393348,0,0
OSPR-03,53.6,60,Upper_meso,outer_reef,outer_slope,wall,0,0,0,0,0,0,0,0,312.5268746,850.241505,0,0,0,0,1225.481879,0,0
OSPR-03,55.6,60,Upper_meso,outer_reef,outer_slope,wall,0,0,0,0,29.83023666,0,0,0,95.78856287,219.396139,83.46537413,0,1451.081479,0,3515.19004,0,0
OSPR-03,55.7,60,Upper_meso,outer_reef,outer_slope,steep_slope,0,0,0,19.93714106,0,0,0,0,230.6861566,1174.99882,7311.679876,0,778001.7015,0,1740.788133,0,0
OSPR-03,60.6,70,Lower_meso,outer_reef,outer_slope,wall,0,0,0,1896.35398,0,0,0,0,95.10618066,1034.671811,181.5685789,0,3314.157681,0,5928.100963,0,0
OSPR-03,64.9,70,Lower_meso,outer_reef,outer_slope,wall,0,0,0,0,0,7279.723228,0,0,1109.690452,228.3308115,635.7803159,0,6562.997458,98.75974642,7854.76318,212.4685861,0
OSPR-03,68.7,70,Lower_meso,outer_reef,outer_slope,steep_slope,0,0,0,0,0,0,0,0,0,69.20641015,0,0,73.28861935,0,1427.710855,0,0
OSPR-03,70.5,80,Lower_meso,outer_reef,outer_slope,steep_slope,0,0,0,0,0,0,0,0,568.3230124,758.9298491,2.770444935,0,0,0,1186.893956,0,0
OSPR-03,75.6,80,Lower_meso,outer_reef,outer_slope,steep_slope,0,0,0,0,0,0,0,0,0,1957.904078,1064.399725,0,9167.723624,31862.76623,34063.14697,0,0
OSPR-03,78.1,80,Lower_meso,outer_reef,outer_slope,steep_slope,0,0,0,27.54913539,0,0,0,0,280.6065477,200.249904,173.1003391,0,1469.072091,0,4483.956724,0,0
OSPR-03,78.9,80,Lower_meso,outer_reef,outer_slope,steep_slope,0,0,0,0,0,0,0,0,0,0,228.409689,0,147.0295664,0,908.1124001,0,0
OSPR-03,81.1,90,Lower_meso,outer_reef,outer_slope,steep_slope,0,0,0,51.91847173,0,0,0,0,301.7426772,809.5529489,4.880413794,0,80.08420159,0,1860.491771,0,0
OSPR-03,87.4,90,Lower_meso,outer_reef,outer_slope,steep_slope,0,0,0,0,0,0,0,0,0,152.0814176,0,0,341465.1084,0,4250.66028,0,0
OSPR-03,88.2,90,Lower_meso,outer_reef,outer_slope,wall,0,0,0,0,0,0,0,0,0,0,0,0,0,0,2845.281028,0,0
OSPR-03,91,100,Lower_meso,outer_reef,outer_slope,wall,0,0,0,0,0,0,0,0,0,159.311494,2330.971572,0,13983.51767,0,2225.768827,0,0
OSPR-03,96.5,100,Lower_meso,outer_reef,outer_slope,wall,0,0,0,0,0,0,0,0,0,0,161.7933426,0,665882.6889,0,1389.075468,3118.563079,0
SAUM-01,29.5,30,Shallow,inner_reef,inner_reef,flat,3445.597624,0,0,9192.682555,0,0,0,0,1901.668348,782.991363,484.6617758,0,0,0,2162.827232,0,0
SAUM-01,29.6,30,Shallow,inner_reef,inner_reef,flat,0,0,20.70102142,3576.324129,0,0,2102.552723,0,9209.391237,1714.145752,1336.8516,93.86249119,0,0,132.3472358,0,0
SAUM-01,29.8,30,Shallow,inner_reef,inner_reef,flat,0,0,0,0,0,0,0,0,0,950.5993665,0,20.3311488,0,0,3.520797397,0,0
SAUM-01,29.9,30,Shallow,inner_reef,inner_reef,flat,0,0,0,3712.429979,0,0,0,0,1824.146373,109.9513438,10.87297832,0,0,0,0,0,0
SAUM-02,19.6,20,Shallow,lagoon,lagoon,flat,0,0,0,0,0,0,0,0,0,0,0,8.103432704,0,0,0,0,0
SAUM-02,20.4,30,Shallow,lagoon,lagoon,flat,0,0,0,0,0,0,0,0,0,0,7.241620708,0,0,0,0,0,0
SAUM-02,21.1,30,Shallow,lagoon,lagoon,flat,0,0,0,0,0,0,0,0,0,0,63.53486432,0,0,0,0,0,0
SAUM-02,21.5,30,Shallow,lagoon,lagoon,flat,0,0,0,0,0,0,0,0,0,0,65.59700125,0,0,0,0,0,0
SAUM-02,22.2,30,Shallow,lagoon,lagoon,flat,0,0,0,0,0,0,0,0,0,190.610674,0,0,0,0,0,0,0
SAUM-02,23.1,30,Shallow,lagoon,lagoon,flat,0,0,0,0,0,0,0,0,0,0,0,2818.479446,454030.7723,0,0,0,0
SDIA-01,35.3,40,Upper_meso,lagoon,lagoon,flat,0,0,0,0,0,0,0,0,0,0,0,0,0,0,0,0,0
SDIA-01,35.4,40,Upper_meso,lagoon,lagoon,flat,0,0,0,0,0,0,0,0,0,0,0,0,0,0,0,0,0
SDIA-01,35.6,40,Upper_meso,lagoon,lagoon,flat,0,0,0,0,0,0,0,0,0,0,0,0,0,0,0,0,0
SDIA-01,36.2,40,Upper_meso,lagoon,lagoon,flat,0,0,0,0,0,0,0,0,0,0,0,0,0,0,0,0,0
SDIA-02,15.2,20,Shallow,outer_reef,outer_slope,gentle_slope,0,0,0,0,0,0,0,0,0,0,0,0,0,0,0,0,0
SDIA-02,20,20,Shallow,outer_reef,outer_slope,gentle_slope,0,0,0,0,0,0,0,0,0,0,0,0,0,0,0,0,0
SDIA-02,21.4,30,Shallow,outer_reef,outer_slope,gentle_slope,0,0,0,0,0,0,0,0,0,0,0,0,0,0,0,0,0
SDIA-02,23.7,30,Shallow,outer_reef,outer_slope,gentle_slope,0,0,0,0,0,0,0,0,0,0,0,0,0,0,0,0,0
SDIA-02,24.7,30,Shallow,outer_reef,outer_slope,gentle_slope,0,0,0,0,0,0,0,0,0,0,0,0,0,0,0,0,0
SDIA-02,28.8,30,Shallow,outer_reef,outer_slope,gentle_slope,0,0,0,0,0,0,0,0,0,0,0,0,0,0,0,0,0
SDIA-02,31.5,40,Upper_meso,outer_reef,outer_slope,flat,0,0,0,0,0,0,0,0,0,0,0,0,0,0,0,0,0
SDIA-02,33.3,40,Upper_meso,outer_reef,outer_slope,flat,0,0,0,0,0,0,0,0,0,0,0,0,0,0,0,0,0
SDIA-02,35.1,40,Upper_meso,outer_reef,outer_slope,flat,0,0,0,0,0,0,0,0,0,0,0,0,0,0,0,0,0
SDIA-02,36,40,Upper_meso,outer_reef,outer_slope,flat,0,0,0,0,0,0,0,0,0,0,0,0,0,0,0,0,0
SDIA-02,41.7,50,Upper_meso,outer_reef,outer_slope,flat,0,0,0,0,0,0,0,0,0,0,0,0,0,0,0,0,0
SDIA-02,43.7,50,Upper_meso,outer_reef,outer_slope,flat,0,0,0,0,0,0,0,0,0,0,0,0,0,0,0,0,0
SDIA-02,47.5,50,Upper_meso,outer_reef,outer_slope,flat,0,0,0,0,0,0,0,0,0,0,0,0,0,0,0,0,0
SDIA-02,55,60,Upper_meso,outer_reef,outer_slope,flat,0,0,0,0,0,0,0,0,0,0,0,0,0,0,0,0,0
SDIA-02,57.8,60,Upper_meso,outer_reef,outer_slope,flat,0,0,0,0,0,0,0,0,0,0,0,0,0,0,0,0,0
SDIA-02,58.3,60,Upper_meso,outer_reef,outer_slope,flat,0,0,0,0,0,0,0,0,0,0,0,0,0,0,0,0,0
SDIA-02,59.3,60,Upper_meso,outer_reef,outer_slope,flat,0,0,0,0,0,0,0,0,0,0,0,0,0,0,0,0,0
SDIA-02,62.3,70,Lower_meso,outer_reef,outer_slope,flat,0,0,0,0,0,0,0,0,0,0,0,0,0,0,0,0,0
SDIA-02,66.4,70,Lower_meso,outer_reef,outer_slope,flat,0,0,0,0,0,0,0,0,0,0,0,0,0,0,0,0,0
SDIA-02,66.8,70,Lower_meso,outer_reef,outer_slope,flat,0,0,0,0,0,0,0,0,0,0,0,0,0,0,0,0,0
SDIA-02,68.3,70,Lower_meso,outer_reef,outer_slope,flat,0,0,0,0,0,0,0,0,0,0,0,0,0,0,0,0,0
SDIA-02,68.7,70,Lower_meso,outer_reef,outer_slope,flat,0,0,0,0,0,0,0,0,0,0,0,0,0,0,0,0,0
SDIA-02,73.5,80,Lower_meso,outer_reef,outer_slope,gentle_slope,0,0,0,0,0,0,0,0,0,0,0,0,0,0,0,0,0
SDIA-02,74.1,80,Lower_meso,outer_reef,outer_slope,gentle_slope,0,0,0,0,0,0,0,0,0,0,0,0,0,0,0,0,0
SDIA-02,78.2,80,Lower_meso,outer_reef,outer_slope,gentle_slope,0,0,0,0,0,0,0,0,0,0,0,0,0,0,0,0,0
SDIA-02,79,80,Lower_meso,outer_reef,outer_slope,gentle_slope,0,0,0,0,0,0,0,0,0,0,0,0,0,0,0,0,0
SDIA-02,81.7,90,Lower_meso,outer_reef,outer_slope,gentle_slope,0,0,0,0,0,0,0,0,0,0,0,0,0,0,0,0,0
SDIA-02,84.4,90,Lower_meso,outer_reef,outer_slope,gentle_slope,0,0,0,0,0,0,0,0,0,0,0,0,0,0,0,0,0
SDIA-02,87,90,Lower_meso,outer_reef,outer_slope,gentle_slope,0,0,0,0,0,0,0,0,0,0,0,0,0,0,0,0,0
SDIA-02,88.7,90,Lower_meso,outer_reef,outer_slope,gentle_slope,0,0,0,0,0,0,0,0,0,0,0,0,0,0,0,0,0
SDIA-02,93.9,100,Lower_meso,outer_reef,outer_slope,gentle_slope,0,0,0,0,0,0,0,0,0,0,0,0,0,0,0,0,0
SDIA-02,94.1,100,Lower_meso,outer_reef,outer_slope,gentle_slope,0,0,0,0,0,0,0,0,0,0,0,0,0,0,0,0,0
SDIA-02,95.3,100,Lower_meso,outer_reef,outer_slope,gentle_slope,0,0,0,0,0,0,0,0,0,0,0,0,0,0,0,0,0
SDIA-02,97.2,100,Lower_meso,outer_reef,outer_slope,gentle_slope,0,0,0,0,0,0,0,0,0,0,0,0,0,0,0,0,0
SHAR-01,11,20,Shallow,outer_reef,outer_slope,flat,0,0,0,0,0,0,0,0,0,0,0,0,0,0,0,0,0
SHAR-01,18,20,Shallow,outer_reef,outer_slope,gentle_slope,0,0,0,0,0,0,0,0,0,0,0,0,0,0,0,0,0
SHAR-01,28,30,Shallow,outer_reef,outer_slope,gentle_slope,0,0,0,0,0,0,0,0,0,0,0,0,0,0,0,0,0
SHAR-01,36,40,Upper_meso,outer_reef,outer_slope,steep_slope,0,0,0,0,0,0,0,0,0,0,0,0,0,0,0,0,0
SHAR-01,44,50,Upper_meso,outer_reef,outer_slope,wall,0,0,0,0,0,0,0,0,0,0,0,0,0,0,0,0,0
SHAR-01,53,60,Upper_meso,outer_reef,outer_slope,moderate_slope,0,0,0,0,0,0,0,0,0,0,0,0,0,0,0,0,0
SHAR-01,64,70,Lower_meso,outer_reef,outer_slope,gentle_slope,0,0,0,0,0,0,0,0,0,0,0,0,0,0,0,0,0
SHAR-01,77,80,Lower_meso,outer_reef,outer_slope,moderate_slope,0,0,0,0,0,0,0,0,0,0,0,0,0,0,0,0,0
SHAR-01,85,90,Lower_meso,outer_reef,outer_slope,wall,0,0,0,0,0,0,0,0,0,0,0,0,0,0,0,0,0
SHAR-01,92,100,Lower_meso,outer_reef,outer_slope,wall,0,0,0,0,0,0,0,0,0,0,0,0,0,0,0,0,0
SWCA-01,11,20,Shallow,outer_reef,outer_slope,steep_slope,0,0,0,0,0,0,0,0,0,0,0,0,0,0,0,0,0
SWCA-01,15.4,20,Shallow,outer_reef,outer_slope,moderate_slope,0,0,0,0,0,0,0,0,0,0,0,0,0,0,0,0,0
SWCA-01,19.4,20,Shallow,outer_reef,outer_slope,gentle_slope,0,0,0,0,0,0,0,0,0,0,0,0,0,0,0,0,0
SWCA-01,22.4,30,Shallow,outer_reef,outer_slope,moderate_slope,0,0,0,0,0,0,0,0,0,0,0,0,0,0,0,0,0
SWCA-01,24.9,30,Shallow,outer_reef,outer_slope,moderate_slope,0,0,0,0,0,0,0,0,0,0,0,0,0,0,0,0,0
SWCA-01,27.9,30,Shallow,outer_reef,outer_slope,steep_slope,0,0,0,0,0,0,0,0,0,0,0,0,0,0,0,0,0
SWCA-01,32.1,40,Upper_meso,outer_reef,outer_slope,steep_slope,0,0,0,0,0,0,0,0,0,0,0,0,0,0,0,0,0
SWCA-01,35,40,Upper_meso,outer_reef,outer_slope,gentle_slope,0,0,0,0,0,0,0,0,0,0,0,0,0,0,0,0,0
SWCA-01,37.4,40,Upper_meso,outer_reef,outer_slope,moderate_slope,0,0,0,0,0,0,0,0,0,0,0,0,0,0,0,0,0
SWCA-01,40.5,50,Upper_meso,outer_reef,outer_slope,moderate_slope,0,0,0,0,0,0,0,0,0,0,0,0,0,0,0,0,0
SWCA-01,44.1,50,Upper_meso,outer_reef,outer_slope,moderate_slope,0,0,0,0,0,0,0,0,0,0,0,0,0,0,0,0,0
SWCA-01,48.1,50,Upper_meso,outer_reef,outer_slope,steep_slope,0,0,0,0,0,0,0,0,0,0,0,0,0,0,0,0,0
SWCA-01,52.4,60,Upper_meso,outer_reef,outer_slope,gentle_slope,0,0,0,0,0,0,0,0,0,0,0,0,0,0,0,0,0
SWCA-01,55.1,60,Upper_meso,outer_reef,outer_slope,gentle_slope,0,0,0,0,0,0,0,0,0,0,0,0,0,0,0,0,0
SWCA-01,58.2,60,Upper_meso,outer_reef,outer_slope,gentle_slope,0,0,0,0,0,0,0,0,0,0,0,0,0,0,0,0,0
SWCA-01,61.2,70,Lower_meso,outer_reef,outer_slope,flat,0,0,0,0,0,0,0,0,0,0,0,0,0,0,0,0,0
SWCA-01,64,70,Lower_meso,outer_slope,outer_slope,flat,0,0,0,0,0,0,0,0,0,0,0,0,0,0,0,0,0
SWCA-01,68,70,Lower_meso,outer_slope,outer_slope,flat,0,0,0,0,0,0,0,0,0,0,0,0,0,0,0,0,0
SWCA-01,71.4,80,Lower_meso,outer_slope,outer_slope,flat,0,0,0,0,0,0,0,0,0,0,0,0,0,0,0,0,0
SWCA-01,74.6,80,Lower_meso,outer_slope,outer_slope,flat,0,0,0,0,0,0,0,0,0,0,0,0,0,0,0,0,0
SWCA-01,77.3,80,Lower_meso,outer_slope,outer_slope,flat,0,0,0,0,0,0,0,0,0,0,0,0,0,0,0,0,0
SWCA-01,81.6,90,Lower_meso,outer_slope,outer_slope,flat,0,0,0,0,0,0,0,0,0,0,0,0,0,0,0,0,0
SWCA-01,83.8,90,Lower_meso,outer_slope,outer_slope,flat,0,0,0,0,0,0,0,0,0,0,0,0,0,0,0,0,0
SWCA-01,86.5,90,Lower_meso,outer_slope,outer_slope,flat,0,0,0,0,0,0,0,0,0,0,0,0,0,0,0,0,0
SWCA-01,91.6,100,Lower_meso,outer_slope,outer_slope,flat,0,0,0,0,0,0,0,0,0,0,0,0,0,0,0,0,0
SWCA-01,94,100,Lower_meso,outer_slope,outer_slope,flat,0,0,0,0,0,0,0,0,0,0,0,0,0,0,0,0,0
SWCA-01,97.4,100,Lower_meso,outer_slope,outer_slope,flat,0,0,0,0,0,0,0,0,0,0,0,0,0,0,0,0,0
TURT-01,50,50,Upper_meso,outer_reef,outer_slope,wall,0,0,0,0,0,0,0,0,0,0,0,0,0,0,0,0,0
TURT-01,61,70,Lower_meso,outer_reef,outer_slope,wall,0,0,0,0,0,0,0,0,0,0,0,0,0,0,0,0,0
TURT-01,70,70,Lower_meso,outer_reef,outer_slope,wall,0,0,0,0,0,0,0,0,0,0,0,0,0,0,0,0,0
TURT-01,90,90,Lower_meso,outer_reef,outer_slope,wall,0,0,0,0,0,0,0,0,0,0,0,0,0,0,0,0,0
WILL-01,35.2,40,Upper_meso,outer_reef,outer_slope,gentle_slope,0,0,92.18082783,1831.483863,646.2581493,0,0,0,8198.880433,544.5362341,365.7575707,0,1776124.235,91.74513227,1982.740602,415.286516,0
WILL-01,40,40,Upper_meso,outer_reef,outer_slope,steep_slope,0,0,38.13688396,197.2415894,0,0,0,0,164.9490497,373.3574773,28.32419332,0,0,26996.06376,168.9495059,0,0
WILL-01,42,50,Upper_meso,outer_reef,outer_slope,steep_slope,0,0,215.6290954,924.3257638,235.5982784,0,0,0,3592.441542,1578.918523,363.7318414,221.8925072,177.960435,0,4220.359357,2597.560589,0
WILL-01,42.3,50,Upper_meso,outer_reef,outer_slope,gentle_slope,0,0,29.90331115,377.6344377,0,0,0,0,1240.272982,761.6986486,1274.498368,79.65344355,4377.903258,62735.45179,931.7411174,0,117.473708
WILL-01,43,50,Upper_meso,outer_reef,outer_slope,steep_slope,0,0,0,122.4315835,91.58360576,0,0,0,15340.3974,366.1206289,155.1240669,31.54028105,1059.107289,0,0,0,0
WILL-01,44.1,50,Upper_meso,outer_reef,outer_slope,steep_slope,0,0,0,96.90758202,0,0,0,0,745.9130946,1314.771745,841.7175227,27.87864767,0,0,6435.299866,586.5541788,0
WILL-01,44.4,50,Upper_meso,outer_reef,outer_slope,gentle_slope,0,0,99.79273805,91.65452193,0,0,0,0,463.0630416,941.9575322,281.6074011,0,0,0,298.8993771,0,0
WILL-01,44.8,50,Upper_meso,outer_reef,outer_slope,steep_slope,0,0,0,50.48835542,0,0,0,0,358.705965,0,13.25850847,639.0927471,0,0,391.5995474,0,0
WILL-01,50.1,60,Upper_meso,outer_reef,outer_slope,steep_slope,0,0,0,547.3191231,103.4688848,0,0,1228.210237,814.2412261,1260.817966,472.708783,13.2826337,0,501883.6143,551.1231132,0,76.31387507
WILL-01,50.4,60,Upper_meso,outer_reef,outer_slope,steep_slope,0,0,161.0785599,0,812.1303023,1152.236241,0,0,6968.214384,1087.837944,812.2131765,0,199119.0914,0,1310.594103,308.7161538,0
WILL-01,51.5,60,Upper_meso,outer_reef,outer_slope,steep_slope,0,0,0,75.31519874,278.584721,0,0,0,105.1044124,211.3302372,65.04970578,22.92359245,78609.26986,64741.41767,1655.747431,0,77.68429464
WILL-01,52.3,60,Upper_meso,outer_reef,outer_slope,steep_slope,0,0,0,263.5501275,0,0,0,0,581.3204788,494.549304,395.7107052,0,372150.1323,0,0,225.5244536,0
WILL-01,60.1,70,Lower_meso,outer_reef,outer_slope,steep_slope,0,0,0,0,0,0,0,0,0,527.6963308,0,0,270404.8874,287522.9256,15.67838674,0,0
WREC-01,31.5,40,Upper_meso,outer_reef,outer_slope,gentle_slope,0,0,383.5179179,907.7378546,132.3645646,0,0,0,1060.750682,1480.591,0,0,442.6107898,0,45360.94375,3127.313796,0
WREC-01,36.3,40,Upper_meso,outer_reef,outer_slope,gentle_slope,0,0,0,1800.935778,1616.780877,0,0,0,2465.044142,9.666002508,0,0,0,7671.872165,8547.4582,478.6674737,0
WREC-01,36.5,40,Upper_meso,outer_reef,outer_slope,gentle_slope,0,0,90.31076994,259.355286,1462.56347,0,0,0,504.0238264,209.9027637,226.9107588,83.81649747,0,0,2243.143783,2430.786067,0
