Site,Depth_m,Temperature,Habitat,Habitat_simplified,Aspect_descriptive,Aspect_scale,Benthic_Complexity,browser,cleaner,corallivore,cropper/grazer,detritivore,excavator,macro-invertivore,micro-invertivore,NA,pisci-invertivore,piscivore,planktivore,scraper,spongivore,omnivore,invertivore-sessile,invertivore-mobile,All_herbs
ASHM-01,31,28.62,outer_slope,outer_reef,moderate_slope,2,4,0,0,0,0,0,0,0,0,0,0,0,0,0,0,0,0,0,0
ASHM-01,37,28.65,outer_slope,outer_reef,gentle_slope,1,3,0,0,0,0,0,0,0,0,0,0,0,0,0,0,0,0,0,0
ASHM-01,38,28.64,outer_slope,outer_reef,gentle_slope,1,2.5,0,0,0,0,0,0,0,0,0,0,0,0,0,0,0,0,0,0
ASHM-01,43,27.53,outer_slope,outer_reef,moderate_slope,2,3.5,0,0,0,0,0,0,0,0,0,0,0,0,0,0,0,0,0,0
ASHM-01,49,27.34,outer_slope,outer_reef,flat,0,1,0,0,0,0,0,0,0,0,0,0,0,0,0,0,0,0,0,0
ASHM-01,52,27.28,outer_slope,outer_reef,gentle_slope,1,1,0,0,0,0,0,0,0,0,0,0,0,0,0,0,0,0,0,0
ASHM-01,53,27.28,outer_slope,outer_reef,gentle_slope,1,1,0,0,0,0,0,0,0,0,0,0,0,0,0,0,0,0,0,0
ASHM-01,55,27.28,outer_slope,outer_reef,flat,0,0,0,0,0,0,0,0,0,0,0,0,0,0,0,0,0,0,0,0
ASHM-01,55,27.28,outer_slope,outer_reef,gentle_slope,1,1,0,0,0,0,0,0,0,0,0,0,0,0,0,0,0,0,0,0
ASHM-02,37,28.68,outer_slope,outer_reef,wall,4,2,0,0,0,0,0,0,0,0,0,0,0,0,0,0,0,0,0,0
ASHM-02,42,28.59,outer_slope,outer_reef,gentle_slope,1,0,0,0,0,0,0,0,0,0,0,0,0,0,0,0,0,0,0,0
ASHM-02,47,28.68,outer_slope,outer_reef,flat,0,0,0,0,0,0,0,0,0,0,0,0,0,0,0,0,0,0,0,0
ASHM-02,53,28.63,outer_slope,outer_reef,flat,0,1,0,0,0,0,0,0,0,0,0,0,0,0,0,0,0,0,0,0
ASHM-02,58,27.55,outer_slope,outer_reef,flat,0,1,0,0,0,0,0,0,0,0,0,0,0,0,0,0,0,0,0,0
ASHM-02,65,27.12,outer_slope,outer_reef,gentle_slope,1,0,0,0,0,0,0,0,0,0,0,0,0,0,0,0,0,0,0,0
ASHM-02,67.5,26.35,outer_slope,outer_reef,flat,0,0,0,0,0,0,0,0,0,0,0,0,0,0,0,0,0,0,0,0
ASHM-03,65,28.05,outer_slope,outer_reef,gentle_slope,1,2,0,0,0,0,0,0,0,0,0,0,0,0,0,0,0,0,0,0
ASHM-03,73.2,26.93,outer_slope,outer_reef,gentle_slope,1.5,3,0,0,0,0,0,0,0,0,0,0,0,0,0,0,0,0,0,0
ASHM-04,17.5,28.56,outer_slope,outer_reef,gentle_slope,1,4,0,0,0,0,0,0,0,0,0,0,0,0,0,0,0,0,0,0
ASHM-04,20,28.56,outer_slope,outer_reef,gentle_slope,1.5,4,0,0,0,0,0,0,0,0,0,0,0,0,0,0,0,0,0,0
ASHM-04,32,28.63,outer_slope,outer_reef,moderate_slope,2,3,0,0,0,0,0,0,0,0,0,0,0,0,0,0,0,0,0,0
ASHM-04,38,28.72,outer_slope,outer_reef,steep_slope,3.5,3,0,0,0,0,0,0,0,0,0,0,0,0,0,0,0,0,0,0
ASHM-04,42,28.62,outer_slope,outer_reef,steep_slope,3.5,3,0,0,0,0,0,0,0,0,0,0,0,0,0,0,0,0,0,0
ASHM-04,45,28.39,outer_slope,outer_reef,steep_slope,3,2,0,0,0,0,0,0,0,0,0,0,0,0,0,0,0,0,0,0
ASHM-04,52,27.51,outer_slope,outer_reef,moderate_slope,2.5,1,0,0,0,0,0,0,0,0,0,0,0,0,0,0,0,0,0,0
BETT-01,8.2,25.3,outer_reef,outer_reef,flat,0,3,0,0,0,0,0,0,0,0,0,0,0,0,0,0,0,0,0,0
BETT-01,8.3,25.3,outer_reef,outer_reef,flat,0,3,0,0,0,0,0,0,0,0,0,0,0,0,0,0,0,0,0,0
BETT-01,12.6,25.3,outer_reef,outer_reef,gentle_slope,1,3,0,0,0,0,0,0,0,0,0,0,0,0,0,0,0,0,0,0
BETT-01,21.1,25.4,outer_reef,outer_reef,flat,0,4,0,0,0,0,0,0,0,0,0,0,0,0,0,0,0,0,0,0
BETT-01,32.3,25.4,outer_reef,outer_reef,flat,0,5,0,0,0,0,0,0,0,0,0,0,0,0,0,0,0,0,0,0
BETT-01,40.4,25.4,outer_reef,outer_reef,steep_slope,3,3,0,0,0,0,0,0,0,0,0,0,0,0,0,0,0,0,0,0
BETT-01,50.9,25.5,outer_reef,outer_reef,steep_slope,3,2,0,0,0,0,0,0,0,0,0,0,0,0,0,0,0,0,0,0
BETT-01,57.6,25.5,outer_reef,outer_reef,steep_slope,3,2,0,0,0,0,0,0,0,0,0,0,0,0,0,0,0,0,0,0
BOOT-01,47,28.51,outer_slope,outer_reef,moderate_slope,2,3,0,0,0,0,0,0,0,0,0,0,0,0,0,0,0,0,0,0
BOOT-01,57,27.21,outer_slope,outer_reef,steep_slope,3,3,0,0,0,0,0,0,0,0,0,0,0,0,0,0,0,0,0,0
BOOT-01,67,27.07,outer_slope,outer_reef,moderate_slope,2,3,0,0,0,0,0,0,0,0,0,0,0,0,0,0,0,0,0,0
BOUG-01,3.6,27.4,outer_reef,outer_reef,steep_slope,3,2.5,0,0,0,0,0,0,0,0,0,0,0,0,0,0,0,0,0,0
BOUG-01,5.5,27.4,outer_reef,outer_reef,wall,4,3,0,0,0,0,0,0,0,0,0,0,0,0,0,0,0,0,0,0
BOUG-01,7.5,27.4,outer_reef,outer_reef,wall,4,2,0,0,0,0,0,0,0,0,0,0,0,0,0,0,0,0,0,0
BOUG-01,9.3,27.4,outer_reef,outer_reef,wall,4,3,0,0,0,0,0,0,0,0,0,0,0,0,0,0,0,0,0,0
BOUG-01,12.5,27.4,outer_reef,outer_reef,wall,4,3.5,0,0,0,0,0,0,0,0,0,0,0,0,0,0,0,0,0,0
BOUG-01,13.8,27.4,outer_reef,outer_reef,steep_slope,3.5,3,0,0,0,0,0,0,0,0,0,0,0,0,0,0,0,0,0,0
BOUG-01,17.6,27.4,outer_reef,outer_reef,wall,4,3,0,0,0,0,0,0,0,0,0,0,0,0,0,0,0,0,0,0
BOUG-01,20.3,27.4,outer_reef,outer_reef,wall,4,3.5,0,0,0,0,0,0,0,0,0,0,0,0,0,0,0,0,0,0
BOUG-01,22.3,29.2,outer_reef,outer_reef,wall,4,3,0,0,223999.9983,31858.15135,0,0,409504.9929,64165.11862,0,0,0,4070460.335,0,43923.8257,0,0,0,31858.15135
BOUG-01,24.1,27.4,outer_reef,outer_reef,wall,4,3,0,0,0,0,0,0,0,0,0,0,0,0,0,0,0,0,0,0
BOUG-01,28.5,29.1,outer_reef,outer_reef,wall,4,4,0,0,63369.27278,902023.07,0,0,150871.3386,869100.7551,685167.3361,694814.8042,0,4575885.596,0,0,0,0,0,902023.07
BOUG-01,35.1,28.9,outer_reef,outer_reef,wall,4,5,0,0,0,1713672.071,43239.23966,0,0,119798.718,737895.1206,3564502.13,0,4485895.415,0,0,0,0,0,1756911.311
BOUG-01,36.4,28.9,outer_reef,outer_reef,wall,4,5,0,0,21265.90183,2060001.744,0,0,0,66447.52521,174523.2679,729614.4933,0,4158578.375,144780.4662,0,121955.8899,0,0,2204782.21
BOUG-01,38.6,28.6,outer_reef,outer_reef,wall,4,4,0,0,29674.90266,0,0,0,0,0,0,0,0,558578.4741,0,0,19308.01873,0,0,0
BOUG-01,43.7,28.3,outer_reef,outer_reef,steep_slope,3,5,0,0,0,0,0,0,98429.33871,1053752.645,214125.0913,0,0,14538720.36,0,0,0,0,0,0
BOUG-01,45,28.1,outer_reef,outer_reef,wall,4,4,0,0,0,0,0,0,25459.4389,215227.4228,229410.6647,136518.5862,0,2431190.101,0,0,0,0,0,0
BOUG-01,45.5,28.1,outer_reef,outer_reef,steep_slope,3,5,0,0,449677.1584,85293.82857,0,0,1615385.409,1659078.839,464503.9689,18072061.07,0,8878696.943,165535.3945,0,0,0,0,250829.2231
BOUG-01,47.4,28,outer_reef,outer_reef,wall,4,5,0,0,8950.230868,0,0,0,151115.024,948056.8998,199859.9867,97646.57741,0,4997545.509,0,0,0,0,0,0
BOUG-01,54.7,28,outer_reef,outer_reef,steep_slope,3,5,0,0,0,0,0,0,0,171144.1947,5498515.482,214985.4963,0,3556943.709,1068377.673,0,0,0,0,1068377.673
BOUG-01,57.2,28,outer_reef,outer_reef,steep_slope,3,5,0,0,0,31742.7292,0,0,0,808405.5669,0,1519941.161,0,3754465.625,0,0,0,0,0,31742.7292
BOUG-01,57.4,28,outer_reef,outer_reef,steep_slope,3,5,0,0,0,0,0,0,1854797.84,555709.4743,657.502485,0,0,2418340.906,0,0,0,0,0,0
BOUG-01,57.8,28,outer_reef,outer_reef,steep_slope,3,5,0,0,38146.89392,159806.1392,0,0,0,432174.6468,408796.0688,39910363.21,0,1939537.361,0,0,0,0,0,159806.1392
BOUG-01,58.1,27.9,outer_reef,outer_reef,steep_slope,3,4,0,0,0,22765.69161,0,0,295295.3691,213270.3303,1067385.449,129283.0029,0,1627772.506,4227731.28,0,0,0,0,4250496.972
BOUG-01,65,27.5,outer_reef,outer_reef,steep_slope,3,5,0,0,213796.8547,816745.9797,0,0,0,690050.3344,417758.9494,174925959.3,248544911.7,1756525.756,0,24907.98548,0,0,0,816745.9797
BOUG-01,66.3,26.5,outer_reef,outer_reef,steep_slope,3,4,0,0,0,0,0,0,0,0,0,0,0,0,0,0,0,0,0,0
BOUG-01,66.3,27.5,outer_reef,outer_reef,wall,4,5,0,0,0,0,0,0,582703.8617,863971.9928,911001.0044,12513735.07,0,2366604.047,0,0,0,0,0,0
BOUG-01,66.7,27.5,outer_reef,outer_reef,wall,4,5,0,0,0,96474.19913,0,0,708429.706,1781752.7,271651.2039,649284128.3,0,2675621.711,977988.2717,0,0,0,0,1074462.471
BOUG-01,67.3,27.8,outer_reef,outer_reef,steep_slope,3,5,0,0,0,0,0,0,0,354091.7708,1627516.62,797800.4478,0,1483547.415,0,0,0,0,0,0
BOUG-01,67.8,27.5,outer_reef,outer_reef,wall,4,5,0,0,25295.64052,0,0,0,2015385.978,798094.8112,8565673.219,78198.38,0,4520369.419,4447816.482,0,0,0,0,4447816.482
BOUG-01,71.4,26.3,outer_reef,outer_reef,steep_slope,3,4,0,0,0,0,0,0,0,0,0,0,0,0,0,0,0,0,0,0
BOUG-01,76.4,26.2,outer_reef,outer_reef,steep_slope,3,4,0,0,0,0,0,0,0,0,0,0,0,0,0,0,0,0,0,0
BOUG-01,81.9,26.2,outer_reef,outer_reef,steep_slope,3,4,0,0,0,0,0,0,0,0,0,0,0,0,0,0,0,0,0,0
BOUG-01,85.7,26.2,outer_reef,outer_reef,wall,4,3.5,0,0,0,0,0,0,0,0,0,0,0,0,0,0,0,0,0,0
BOUG-01,90.9,26.2,outer_reef,outer_reef,wall,4,3,0,0,0,0,0,0,0,0,0,0,0,0,0,0,0,0,0,0
BOUG-01,91.1,26.1,outer_reef,outer_reef,wall,4,3,0,0,0,0,0,0,0,0,0,0,0,0,0,0,0,0,0,0
BOUG-01,98.5,25.6,outer_reef,outer_reef,wall,4,2,0,0,0,0,0,0,0,0,0,0,0,0,0,0,0,0,0,0
BOUG-02,9.8,30,outer_reef,outer_reef,steep_slope,3,2,0,0,81519.06766,191175.8609,0,0,0,785488.7562,334694.0925,616583.1217,0,5236010.673,1718503.909,0,161008.3956,0,0,1909679.77
BOUG-02,13.4,30,outer_reef,outer_reef,steep_slope,3,2.5,908765.7352,0,63571.02217,154975.0773,142747.6029,0,0,1112872.748,213161.0837,7395834.986,321798.0182,7398903.311,7512822.299,0,0,0,0,8719310.714
BOUG-02,15.4,30,outer_reef,outer_reef,moderate_slope,2,3,0,0,0,162896.191,0,1915970.031,0,147015.7182,0,0,77793.03417,257706.7366,0,0,89557.40162,0,0,2078866.222
BOUG-02,22.3,30,outer_reef,outer_reef,steep_slope,3.5,2.5,228870.0887,0,446997.6595,1421511.478,0,1975424.127,237469.9146,843333.19,156615.836,4316081.074,289253.7164,699890.7607,3321139.423,0,0,78660.0209,0,6946945.117
BOUG-02,24.2,29.9,outer_reef,outer_reef,wall,4,2.5,0,0,0,248038.8826,0,0,99546.19153,0,3567.796277,1502341.659,0,2524050.699,0,0,0,0,0,248038.8826
BOUG-02,24.8,29.9,outer_reef,outer_reef,steep_slope,3,3,0,0,348286.4048,81222.57359,34343.9097,3780104.268,118843.1439,206980.3816,90357.4141,0,0,2558221.069,0,0,0,0,0,3895670.751
BOUG-02,27.3,29.9,outer_reef,outer_reef,wall,4,2.5,0,0,244328.0835,138471.098,61396.33965,0,0,656893.9642,384973.1748,259059.2264,0,1323894.65,1920189.836,0,0,216435.7315,0,2120057.274
BOUG-02,28.4,29.9,outer_reef,outer_reef,wall,4,2.5,0,0,69407.17638,146606.5973,95824.00765,5373498.251,0,479561.5327,0,0,0,1552610.419,0,0,0,0,0,5615928.856
BOUG-02,31.1,29.4,outer_reef,outer_reef,moderate_slope,2,3,0,0,64649.42401,205814.1498,135855.1225,8133826.399,472618.8238,1465798.899,0,0,0,2354592,6159852.592,0,0,0,0,14635348.26
BOUG-02,32.5,29.2,outer_reef,outer_reef,steep_slope,3.5,3,0,0,0,384689.8215,138532.2536,0,498158.3036,327558.9322,0,35002.93927,0,1478835.554,9131341.081,0,0,0,0,9654563.156
BOUG-02,33.1,29.3,outer_reef,outer_reef,wall,4,3,0,0,0,0,0,0,2370884.638,276260.3866,0,75381.0647,0,5103361.909,283879.3209,0,0,0,0,283879.3209
BOUG-02,35.1,29,outer_reef,outer_reef,wall,4,3,0,0,0,0,0,0,115726.3959,0,45206.78412,0,0,3003245.169,0,0,0,0,0,0
BOUG-02,37.2,28.8,outer_reef,outer_reef,wall,4,2.5,0,0,12646.06786,0,0,0,0,101988.0176,0,1014530.172,0,2689945.318,0,0,0,0,0,0
BOUG-02,44.9,28.1,outer_reef,outer_reef,wall,4,2.5,0,0,0,114362.7206,0,0,464712.5448,24850.72034,131369.8236,6034746.728,0,665772.9883,0,0,0,0,0,114362.7206
BOUG-02,45,28.1,outer_reef,outer_reef,moderate_slope,2,3,0,0,15806.06222,359958.6677,0,0,777902.5509,138171.0565,0,43507.3921,0,2266835.377,0,0,0,0,0,359958.6677
BOUG-02,45.8,28.1,outer_reef,outer_reef,steep_slope,3,2.5,0,0,0,93942.49712,71890.09031,0,843408.7266,1910133.548,0,0,0,953230.3762,0,0,0,0,0,165832.5874
BOUG-02,47,28.1,outer_reef,outer_reef,steep_slope,3,2.5,0,0,0,0,0,0,404919.252,39779.84786,0,0,0,1134397.193,0,0,0,0,0,0
BOUG-02,47.6,28.1,outer_reef,outer_reef,steep_slope,3,3,0,0,0,10111.51043,0,0,0,163922.763,0,212002.6572,0,890883.0356,0,0,0,0,0,10111.51043
BOUG-02,52.1,28,outer_reef,outer_reef,steep_slope,3,3,549042.9035,0,91112.80867,87662.54696,64568.21159,0,326135.8896,614721.9908,0,63531.97468,0,1384496.271,0,0,2172621.683,0,0,701273.6621
BOUG-02,53.6,27.7,outer_reef,outer_reef,moderate_slope,2,3.5,0,0,0,100110.8111,0,401233.6982,4868992.461,211959.9789,771768.195,152899.709,0,1052265.678,0,0,0,0,0,501344.5093
BOUG-02,55.3,27.6,outer_reef,outer_reef,moderate_slope,2,3.5,348727.9571,0,0,681598.1099,241708.6984,4340161.177,0,710538.3573,0,1455729.863,0,4852769.167,6306775.216,0,0,0,0,11918971.16
BOUG-02,57.7,27.2,outer_reef,outer_reef,moderate_slope,2,3.5,0,0,0,5062.297454,0,0,0,82286.83859,0,390662864.9,71837437.89,673474.2175,0,0,0,0,0,5062.297454
BOUG-02,58.4,27.2,outer_reef,outer_reef,moderate_slope,2,3.5,0,0,0,3281.236562,0,0,0,330690.1117,0,0,0,2251996.674,0,0,0,0,0,3281.236562
BOUG-02,63,27.3,outer_reef,outer_reef,wall,4,3,0,0,84806.46552,0,70691.72529,0,283352.9664,39917.00707,0,0,0,2472007.592,0,0,0,0,0,70691.72529
BOUG-02,63.8,27.3,outer_reef,outer_reef,steep_slope,3,3,0,0,0,0,0,0,700512.0173,357411.0123,139849.0368,86294.42927,22779098.25,3350633.029,0,0,0,0,0,0
BOUG-02,64.5,27.3,outer_reef,outer_reef,steep_slope,3,3,0,0,0,0,0,1057753.392,594881.8922,2373177.881,292381.6146,45567.08143,53513068.95,5014534.873,3296193.076,0,0,0,0,4353946.468
BOUG-02,67.1,27.2,outer_reef,outer_reef,steep_slope,3,3,0,0,10500.49924,493772.1721,0,12582266.45,618265.9465,439537.2242,279796.5823,52933962.03,0,5123793.489,0,0,0,0,0,13076038.62
CHIL-01,36.5,28.3,lagoon,lagoon,flat,0,1,0,0,0,0,0,0,0,0,1113273.499,0,0,0,0,0,0,0,0,0
EDIA-01,10,25.91,bommie,lagoon,wall,4,2,0,0,0,0,0,0,0,0,0,0,0,0,0,0,0,0,0,0
EDIA-01,15,25.91,bommie,lagoon,moderate_slope,2,2,0,0,0,0,0,0,0,0,0,0,0,0,0,0,0,0,0,0
EDIA-01,15,25.91,bommie,lagoon,wall,4,2,0,0,0,0,0,0,0,0,0,0,0,0,0,0,0,0,0,0
EDIA-01,19,25.89,bommie,lagoon,wall,4,2,0,0,0,0,0,0,0,0,0,0,0,0,0,0,0,0,0,0
EDIA-01,21,25.85,bommie,lagoon,moderate_slope,2,2,0,0,0,0,0,0,0,0,0,0,0,0,0,0,0,0,0,0
EDIA-01,25,25.85,bommie,lagoon,gentle_slope,1,2,0,0,0,0,0,0,0,0,0,0,0,0,0,0,0,0,0,0
EDIA-01,26,25.99,bommie,lagoon,moderate_slope,2,2,0,0,0,0,0,0,0,0,0,0,0,0,0,0,0,0,0,0
EDIA-01,32,25.9,bommie,lagoon,gentle_slope,1,2,0,0,0,0,0,0,0,0,0,0,0,0,0,0,0,0,0,0
EDIA-01,38,25.93,bommie,lagoon,gentle_slope,1,2,0,0,0,0,0,0,0,0,0,0,0,0,0,0,0,0,0,0
EDIA-01,39,25.99,bommie,lagoon,gentle_slope,1,2,0,0,0,0,0,0,0,0,0,0,0,0,0,0,0,0,0,0
EDIA-01,45,25.98,bommie,lagoon,gentle_slope,1,2,0,0,0,0,0,0,0,0,0,0,0,0,0,0,0,0,0,0
EDIA-01,45,25.99,bommie,lagoon,gentle_slope,1,2,0,0,0,0,0,0,0,0,0,0,0,0,0,0,0,0,0,0
EDIA-01,48,26.03,bommie,lagoon,flat,0,2,0,0,0,0,0,0,0,0,0,0,0,0,0,0,0,0,0,0
EDIA-01,48,26.03,bommie,lagoon,gentle_slope,1,2,0,0,0,0,0,0,0,0,0,0,0,0,0,0,0,0,0,0
EDIA-01,50,26.06,bommie,lagoon,flat,0,2,0,0,0,0,0,0,0,0,0,0,0,0,0,0,0,0,0,0
EDIA-02,8.7,25.5,inner_reef,inner_reef,steep_slope,3,2,0,0,0,0,0,0,0,0,0,0,0,0,0,0,0,0,0,0
EDIA-02,9,25.6,inner_reef,inner_reef,steep_slope,3,2,0,0,0,0,0,0,0,0,0,0,0,0,0,0,0,0,0,0
EDIA-02,15.2,25.5,inner_reef,inner_reef,moderate_slope,2,2,0,0,0,0,0,0,0,0,0,0,0,0,0,0,0,0,0,0
EDIA-02,15.4,25.5,inner_reef,inner_reef,moderate_slope,2,3,0,0,0,0,0,0,0,0,0,0,0,0,0,0,0,0,0,0
EDIA-02,19.1,25.6,inner_reef,inner_reef,gentle_slope,1,2,0,0,0,0,0,0,0,0,0,0,0,0,0,0,0,0,0,0
EDIA-02,20,25.6,inner_reef,inner_reef,gentle_slope,1,2,0,0,0,0,0,0,0,0,0,0,0,0,0,0,0,0,0,0
EDIA-02,24.2,25.7,inner_reef,inner_reef,gentle_slope,1,2,0,0,0,0,0,0,0,0,0,0,0,0,0,0,0,0,0,0
EDIA-02,25,25.7,inner_reef,inner_reef,steep_slope,3,2,0,0,0,0,0,0,0,0,0,0,0,0,0,0,0,0,0,0
EDIA-02,30.9,25.8,inner_reef,inner_reef,flat,0,1,0,0,0,0,0,0,0,0,0,0,0,0,0,0,0,0,0,0
EDIA-02,32.8,25.6,inner_reef,inner_reef,gentle_slope,1,1,0,0,0,0,0,0,0,0,0,0,0,0,0,0,0,0,0,0
EDNA-01,9.8,25.3,outer_reef,outer_reef,flat,0,1,0,0,0,0,0,0,0,0,0,0,0,0,0,0,0,0,0,0
EDNA-01,14,25.3,outer_reef,outer_reef,moderate_slope,2,3,0,0,0,0,0,0,0,0,0,0,0,0,0,0,0,0,0,0
EDNA-01,19.1,25.4,outer_reef,outer_reef,flat,0,3,0,0,0,0,0,0,0,0,0,0,0,0,0,0,0,0,0,0
EDNA-01,26.7,25.5,outer_reef,outer_reef,gentle_slope,1,3,0,0,0,0,0,0,0,0,0,0,0,0,0,0,0,0,0,0
EDNA-01,39,25.5,outer_reef,outer_reef,moderate_slope,2,4,0,0,0,0,0,0,0,0,0,0,0,0,0,0,0,0,0,0
EDNA-01,48,25.5,outer_reef,outer_reef,moderate_slope,2,3,0,0,0,0,0,0,0,0,0,0,0,0,0,0,0,0,0,0
EDNA-01,51.3,25.6,outer_reef,outer_reef,gentle_slope,1,1,0,0,0,0,0,0,0,0,0,0,0,0,0,0,0,0,0,0
EDNA-01,63,25.6,outer_reef,outer_reef,gentle_slope,1,2,0,0,0,0,0,0,0,0,0,0,0,0,0,0,0,0,0,0
EDNA-01,69,25.6,outer_reef,outer_reef,moderate_slope,2,2,0,0,0,0,0,0,0,0,0,0,0,0,0,0,0,0,0,0
EDNA-01,79,25.7,outer_reef,outer_reef,moderate_slope,2,5,0,0,0,0,0,0,0,0,0,0,0,0,0,0,0,0,0,0
EDNA-01,86,25.7,outer_reef,outer_reef,moderate_slope,2,5,0,0,0,0,0,0,0,0,0,0,0,0,0,0,0,0,0,0
EDNA-01,96,25.9,outer_reef,outer_reef,moderate_slope,2,3,0,0,0,0,0,0,0,0,0,0,0,0,0,0,0,0,0,0
FLIN-01,5.2,28.6,outer_reef,outer_reef,gentle_slope,1,2,0,0,0,0,0,0,0,0,0,0,0,0,0,0,0,0,0,0
FLIN-01,9.9,28.3,outer_reef,outer_reef,moderate_slope,2,4,0,0,0,0,0,0,0,0,0,0,0,0,0,0,0,0,0,0
FLIN-01,15.3,28.1,outer_reef,outer_reef,steep_slope,3,4,0,0,0,0,0,0,0,0,0,0,0,0,0,0,0,0,0,0
FLIN-01,20.4,27.9,outer_reef,outer_reef,steep_slope,3,4,0,0,0,0,0,0,0,0,0,0,0,0,0,0,0,0,0,0
FLIN-01,25.3,27.9,outer_reef,outer_reef,steep_slope,3,4,0,0,0,0,0,0,0,0,0,0,0,0,0,0,0,0,0,0
FLIN-01,30.2,27.8,outer_reef,outer_reef,steep_slope,3,4,0,0,0,0,0,0,0,0,0,0,0,0,0,0,0,0,0,0
FLIN-01,34.3,27.6,outer_reef,outer_reef,steep_slope,3,3,0,0,0,0,0,0,0,0,0,0,0,0,0,0,0,0,0,0
FLIN-01,34.3,29.2,outer_reef,outer_reef,steep_slope,3,3,0,0,87190.11617,75106.13039,0,0,0,359328.3923,107126.922,3771296.139,1205082.584,185817.0479,0,0,0,0,0,75106.13039
FLIN-01,35.2,29.3,outer_reef,outer_reef,wall,4,3,0,0,100593.7448,134302.3633,99811.69733,0,0,99383.32948,66193.04897,323174.2041,0,396585.288,0,0,0,0,0,234114.0606
FLIN-01,35.6,29.2,outer_reef,outer_reef,steep_slope,3,4,1232921.674,0,0,654246.3622,128260.8583,0,574401.2427,567828.3411,462827.9756,77574228.01,5697075.446,7227091.229,0,0,0,0,0,2015428.895
FLIN-01,37.1,29.2,outer_reef,outer_reef,wall,4,4,0,0,7787.783304,0,133848.3888,967965.5767,7958548.304,252325.7831,98364.82408,0,14635580.15,932820.3554,762495.6061,0,0,0,0,1864309.572
FLIN-01,41.5,27.6,outer_reef,outer_reef,steep_slope,3,4,0,0,0,0,0,0,0,0,0,0,0,0,0,0,0,0,0,0
FLIN-01,42.1,29.2,outer_reef,outer_reef,wall,4,3,0,0,90986.38132,105019.1009,0,0,0,0,88239.48287,26613.34276,0,5076227.628,0,0,0,0,0,105019.1009
FLIN-01,45.2,29.2,outer_reef,outer_reef,wall,4,4,0,0,39507.73575,0,0,4746954.226,0,0,0,0,88719517.19,14424576.04,0,0,0,0,0,4746954.226
FLIN-01,45.4,29.2,outer_reef,outer_reef,wall,4,3,0,0,0,0,0,0,0,0,20715.03596,6379984.872,0,60992.18154,0,0,0,0,0,0
FLIN-01,45.7,27.3,outer_reef,outer_reef,gentle_slope,1,3,0,0,0,0,0,0,0,0,0,0,0,0,0,0,0,0,0,0
FLIN-01,51.1,27.3,outer_reef,outer_reef,gentle_slope,1,4,0,0,0,0,0,0,0,0,0,0,0,0,0,0,0,0,0,0
FLIN-01,67.1,26.5,outer_reef,outer_reef,gentle_slope,1,4,0,0,0,0,0,0,0,0,0,0,0,0,0,0,0,0,0,0
FLIN-01,72.3,26.4,outer_reef,outer_reef,gentle_slope,1,4,0,0,0,0,0,0,0,0,0,0,0,0,0,0,0,0,0,0
FLIN-01,77.4,26.3,outer_reef,outer_reef,gentle_slope,1,4,0,0,0,0,0,0,0,0,0,0,0,0,0,0,0,0,0,0
FLIN-01,81.9,26.2,outer_reef,outer_reef,gentle_slope,1,4,0,0,0,0,0,0,0,0,0,0,0,0,0,0,0,0,0,0
FLIN-01,87.2,26.2,outer_reef,outer_reef,gentle_slope,1,4,0,0,0,0,0,0,0,0,0,0,0,0,0,0,0,0,0,0
FLIN-01,91.9,26.3,outer_reef,outer_reef,gentle_slope,1,4,0,0,0,0,0,0,0,0,0,0,0,0,0,0,0,0,0,0
FLIN-01,98.6,26.3,outer_reef,outer_reef,gentle_slope,1,4,0,0,0,0,0,0,0,0,0,0,0,0,0,0,0,0,0,0
FLIN-02,40,29.2,lagoon,lagoon,flat,0,0,0,0,0,0,63466.9607,0,15111962.89,2523691.536,0,0,33675321.74,1349250.447,0,0,0,0,0,63466.9607
FLIN-02,40.2,29.2,lagoon,lagoon,flat,0,1,0,0,0,0,0,0,7132382.845,255310.2811,0,0,0,242067.3953,0,0,0,0,0,0
FLIN-02,41.5,29.2,lagoon,lagoon,flat,0,0,0,0,0,45424.58404,0,0,6926065.32,2555318.627,0,16858128.27,0,11189.27691,0,0,0,0,0,45424.58404
FLIN-02,42.1,29.3,lagoon,lagoon,flat,0,0,0,0,0,0,0,0,2680335.265,0,0,0,0,0,0,0,0,0,0,0
FLIN-02,43.3,29.2,lagoon,lagoon,flat,0,0,0,0,0,4495561.102,0,0,8651714.424,70668.60507,1641173.217,16443640.59,6725024.218,21310.87952,0,0,0,0,0,4495561.102
FLIN-02,44,29.1,lagoon,lagoon,flat,0,1,0,0,0,96150.64058,0,242984.0042,298694.2548,662744.694,217713.5052,72988724.38,0,5830.566167,0,0,0,0,0,339134.6448
FLIN-04,17.4,27.2,lagoon,lagoon,flat,0,0,0,0,0,0,0,0,0,0,0,0,0,0,0,0,0,0,0,0
FLIN-04,18.8,27.2,lagoon,lagoon,gentle_slope,1,0,0,0,0,0,0,0,0,0,0,0,0,0,0,0,0,0,0,0
FLIN-04,34.1,27.1,lagoon,lagoon,flat,0,1,0,0,0,0,0,0,0,0,0,0,0,0,0,0,0,0,0,0
FRAN-01,8,25.3,outer_reef,outer_reef,gentle_slope,1,1,0,0,0,0,0,0,0,0,0,0,0,0,0,0,0,0,0,0
FRAN-01,14,25.3,outer_reef,outer_reef,moderate_slope,2,1,0,0,0,0,0,0,0,0,0,0,0,0,0,0,0,0,0,0
FRAN-01,25,25.3,outer_reef,outer_reef,moderate_slope,2,2,0,0,0,0,0,0,0,0,0,0,0,0,0,0,0,0,0,0
FRAN-01,35,24.5,outer_reef,outer_reef,steep_slope,3,3,0,0,0,0,0,0,0,0,0,0,0,0,0,0,0,0,0,0
FRAN-01,42,25.4,outer_reef,outer_reef,steep_slope,3,1,0,0,0,0,0,0,0,0,0,0,0,0,0,0,0,0,0,0
FRAN-01,52,25.5,outer_reef,outer_reef,wall,4,1,0,0,0,0,0,0,0,0,0,0,0,0,0,0,0,0,0,0
FRAN-01,62,25.5,outer_reef,outer_reef,wall,4,1,0,0,0,0,0,0,0,0,0,0,0,0,0,0,0,0,0,0
FRAN-01,72,25.6,outer_reef,outer_reef,steep_slope,3,1,0,0,0,0,0,0,0,0,0,0,0,0,0,0,0,0,0,0
FRAN-01,79,25.5,outer_reef,outer_reef,steep_slope,3,1,0,0,0,0,0,0,0,0,0,0,0,0,0,0,0,0,0,0
FRAN-01,90,25.4,outer_reef,outer_reef,steep_slope,3,1,0,0,0,0,0,0,0,0,0,0,0,0,0,0,0,0,0,0
FRED-01,34.8,28,inner_reef,inner_reef,gentle_slope,1,1,0,0,0,552774.2612,159371.6248,0,0,342146.0664,29545106.58,28508597.01,75261921.72,4345905.43,0,0,0,0,0,712145.886
FRED-01,40,27.5,inner_reef,inner_reef,flat,0,1,0,0,0,0,0,0,0,201172.2679,0,317048034.7,0,0,0,0,0,0,0,0
FRED-02,24,27,lagoon,lagoon,gentle_slope,1,0,0,0,0,0,0,0,0,0,0,0,0,0,0,0,0,0,0,0
GEOR-01,32.6,25.4,outer_reef,outer_reef,gentle_slope,1,2,0,0,0,0,0,0,0,0,0,0,0,0,0,0,0,0,0,0
GEOR-01,36.2,25.4,outer_reef,outer_reef,moderate_slope,2,2,0,0,0,0,0,0,0,0,0,0,0,0,0,0,0,0,0,0
GEOR-01,41.2,25.4,outer_reef,outer_reef,steep_slope,3,2,0,0,0,0,0,0,0,0,0,0,0,0,0,0,0,0,0,0
GEOR-01,47.9,25.5,outer_reef,outer_reef,moderate_slope,2,2,0,0,0,0,0,0,0,0,0,0,0,0,0,0,0,0,0,0
GEOR-01,48,25.4,outer_reef,outer_reef,steep_slope,3,3.5,0,0,0,0,0,0,0,0,0,0,0,0,0,0,0,0,0,0
GEOR-01,51.4,25.4,outer_reef,outer_reef,moderate_slope,2,3,0,0,0,0,0,0,0,0,0,0,0,0,0,0,0,0,0,0
GEOR-01,57.2,25.4,outer_reef,outer_reef,flat,0,1,0,0,0,0,0,0,0,0,0,0,0,0,0,0,0,0,0,0
GEOR-01,62.3,25.4,outer_reef,outer_reef,flat,0,1,0,0,0,0,0,0,0,0,0,0,0,0,0,0,0,0,0,0
GEOR-01,67,25.4,outer_reef,outer_reef,gentle_slope,1,2,0,0,0,0,0,0,0,0,0,0,0,0,0,0,0,0,0,0
GEOR-01,71.5,25.5,outer_reef,outer_reef,gentle_slope,1,1,0,0,0,0,0,0,0,0,0,0,0,0,0,0,0,0,0,0
GEOR-01,77.2,25.4,outer_reef,outer_reef,gentle_slope,1,1,0,0,0,0,0,0,0,0,0,0,0,0,0,0,0,0,0,0
GEOR-01,80.9,25.5,outer_reef,outer_reef,moderate_slope,2,1,0,0,0,0,0,0,0,0,0,0,0,0,0,0,0,0,0,0
GEOR-01,86.8,25.3,outer_reef,outer_reef,gentle_slope,1,1,0,0,0,0,0,0,0,0,0,0,0,0,0,0,0,0,0,0
GEOR-01,91,25.2,outer_reef,outer_reef,gentle_slope,1,1,0,0,0,0,0,0,0,0,0,0,0,0,0,0,0,0,0,0
GEOR-01,96.5,25.2,outer_reef,outer_reef,gentle_slope,1,1,0,0,0,0,0,0,0,0,0,0,0,0,0,0,0,0,0,0
HERA-01,34.3,29.9,passage,passage,flat,0,3,0,0,18989.17033,0,0,0,2685486.58,2543774.295,208974.9761,1104287.535,56779.91669,22180432.72,0,0,15532.98642,0,0,0
HERA-01,35.3,29.8,passage,passage,flat,0,2,0,0,0,0,767272.5853,0,0,5833048.703,0,0,0,911255.9413,0,0,0,0,0,767272.5853
HERA-01,37.1,29.3,passage,passage,gentle_slope,1,3,2851694.561,0,0,4844263.877,1679745.155,0,5178834.035,186145.8236,1713607.098,6327193.902,9347583.636,13202732.62,1819855.475,0,0,0,0,11195559.07
HERA-01,37.6,29.4,passage,passage,flat,0,1,0,0,0,0,0,0,760079.1941,0,0,0,0,0,0,0,0,0,0,0
HERA-01,40.4,29.2,passage,passage,gentle_slope,1,2,0,0,226333.4039,3115194.242,210316.2628,1119473.591,1405536.002,1569597.322,3470913.415,922665.6413,4693071.621,5049821.439,1086420.32,47380.77083,0,0,0,5531404.416
HERA-01,40.5,29.1,passage,passage,gentle_slope,1,2,616189.3338,0,83857.96172,624090.1932,864905.5523,0,9834303.512,2275663.523,3948478.484,22846464.89,6731561.416,23062764.44,1614475.429,0,0,0,0,3719660.508
HERA-01,41.7,29.1,passage,passage,gentle_slope,1,2,1600925.4,0,0,1380135.721,247167.5571,0,21483602.36,1000886.83,891619.9325,482250.9022,0,707042.5428,0,0,0,0,0,3228228.678
HERA-01,43.5,29.2,passage,passage,gentle_slope,1,2,0,0,80246.80282,434718.796,101305.0578,0,6487209.069,1056505.676,575941.693,16462722.6,0,450955.1186,0,0,0,0,0,536023.8538
HERA-01,43.8,29,passage,passage,gentle_slope,1,2,0,0,44870.52054,375583.5863,34688.7685,0,1427216.184,490129.6197,185872.4796,0,0,359988.8741,129785.3701,0,0,0,0,540057.7249
HERM-01,10.2,25.4,lagoon,lagoon,moderate_slope,2,0,0,0,0,0,0,0,0,0,0,0,0,0,0,0,0,0,0,0
HERM-01,13.5,25.3,lagoon,lagoon,moderate_slope,2.5,0,0,0,0,0,0,0,0,0,0,0,0,0,0,0,0,0,0,0
HERM-01,14.1,25.4,lagoon,lagoon,moderate_slope,2,0,0,0,0,0,0,0,0,0,0,0,0,0,0,0,0,0,0,0
HERM-01,15.2,25.4,lagoon,lagoon,moderate_slope,2,0,0,0,0,0,0,0,0,0,0,0,0,0,0,0,0,0,0,0
HERM-01,21.1,25.4,lagoon,lagoon,flat,0,1,0,0,0,0,0,0,0,0,0,0,0,0,0,0,0,0,0,0
HERM-01,22,25.4,lagoon,lagoon,flat,0,1,0,0,0,0,0,0,0,0,0,0,0,0,0,0,0,0,0,0
HERM-01,23.7,25.4,lagoon,lagoon,gentle_slope,1,0,0,0,0,0,0,0,0,0,0,0,0,0,0,0,0,0,0,0
HERM-01,30.1,25.4,lagoon,lagoon,flat,0,3,0,0,0,0,0,0,0,0,0,0,0,0,0,0,0,0,0,0
HERM-01,30.3,25.4,lagoon,lagoon,flat,0,3,0,0,0,0,0,0,0,0,0,0,0,0,0,0,0,0,0,0
HERM-01,31,25.4,lagoon,lagoon,flat,0,2,0,0,0,0,0,0,0,0,0,0,0,0,0,0,0,0,0,0
HERM-01,33.2,25.4,lagoon,lagoon,flat,0,1,0,0,0,0,0,0,0,0,0,0,0,0,0,0,0,0,0,0
HERM-01,38.7,25.6,lagoon,lagoon,flat,0,2,0,0,0,0,0,0,0,0,0,0,0,0,0,0,0,0,0,0
HERM-01,40.2,25.5,lagoon,lagoon,flat,0,2,0,0,0,0,0,0,0,0,0,0,0,0,0,0,0,0,0,0
HERM-01,41.2,25.5,lagoon,lagoon,flat,0,2,0,0,0,0,0,0,0,0,0,0,0,0,0,0,0,0,0,0
HERM-01,42.5,25.5,lagoon,lagoon,flat,0,2,0,0,0,0,0,0,0,0,0,0,0,0,0,0,0,0,0,0
HERM-01,46.2,28.8,lagoon,lagoon,flat,0,1,0,0,63011.65806,2300755.139,185617.8394,0,1745118.169,788190.4183,0,0,5579120.421,26425.73068,4915224.868,0,0,0,0,7401597.846
HERM-01,46.4,28.8,lagoon,lagoon,flat,0,1,0,0,0,2863787.855,0,0,1212778.506,878879.7276,0,0,2833713.693,28647.35333,0,0,0,0,0,2863787.855
HERM-01,46.6,28.8,lagoon,lagoon,flat,0,1,0,0,0,2227342.195,0,0,1486141.977,194626.9542,0,0,0,15917.67586,265721.2121,0,0,0,0,2493063.407
HERM-01,46.8,25.6,lagoon,lagoon,flat,0,1,0,0,0,0,0,0,0,0,0,0,0,0,0,0,0,0,0,0
HERM-01,47.1,28.8,lagoon,lagoon,flat,0,0,0,0,0,994453.8189,0,0,0,0,0,9065348.275,0,0,0,0,0,0,0,994453.8189
HERM-01,47.7,28.8,lagoon,lagoon,flat,0,1,0,0,0,1083393.912,122852.5319,0,960459.4689,0,38839.53381,52123.50679,90832.60617,0,0,0,0,0,0,1206246.444
HERM-01,47.9,28.8,lagoon,lagoon,flat,0,1,0,0,0,1281770.896,0,0,2974863.755,543643.6609,84318849.11,233289.0513,1001573.966,114273.7582,3645893.327,0,0,0,0,4927664.223
HERM-01,48.1,25.7,lagoon,lagoon,flat,0,1,0,0,0,0,0,0,0,0,0,0,0,0,0,0,0,0,0,0
HERM-01,48.9,28,lagoon,lagoon,flat,0,0,0,0,0,0,0,0,190037.5691,0,122809.1506,275923.5566,0,154311.7009,0,0,0,0,0,0
HERM-01,49.4,25.9,lagoon,lagoon,flat,0,0,0,0,0,0,0,0,0,0,0,0,0,0,0,0,0,0,0,0
HOLM-01,34.7,28.7,outer_reef,outer_reef,gentle_slope,1,1,0,0,0,24950.48555,33571.12079,0,0,290790.3576,0,0,0,141314.0764,0,0,274319.3713,0,0,58521.60634
HOLM-01,36,28.7,outer_reef,outer_reef,moderate_slope,2,2,0,0,0,260689.6346,696509.6537,0,1899899.003,701604.141,206055.3105,322849.8535,0,1367200.498,0,0,136512.0744,0,0,957199.2883
HOLM-01,36.8,28.6,outer_reef,outer_reef,moderate_slope,2,2,0,0,0,47377.21319,28532.61341,10738342.55,0,7442.131891,0,0,0,174835.6735,1354628.009,0,43255.67324,0,0,12168880.39
HOLM-01,42.5,28,outer_reef,outer_reef,moderate_slope,2,4,0,0,0,256373.1457,60600.64171,0,0,0,0,230134.4298,0,5418772.849,0,0,0,0,0,316973.7874
HOLM-01,43,28,outer_reef,outer_reef,moderate_slope,2,3,0,0,0,32938.64163,0,0,0,137638.1417,0,0,0,653939.4888,0,0,0,0,0,32938.64163
HOLM-01,46.4,27.7,outer_reef,outer_reef,moderate_slope,2,3,0,0,0,727049.8925,0,0,420904.5107,214932.8289,0,141222.3506,0,844964.7549,0,0,102384.0558,0,0,727049.8925
HOLM-01,51,27.9,outer_reef,outer_reef,steep_slope,3,3,0,0,0,351231.0506,18159.26438,1500736.851,232432.8249,1478906.925,553843.9557,0,0,1747968.781,0,0,0,0,0,1870127.166
HOLM-01,52.4,27.8,outer_reef,outer_reef,steep_slope,3,3,0,0,0,40086.79135,0,0,179383.8998,360529.554,0,3150757.128,0,1302060.278,0,0,0,0,0,40086.79135
HOLM-01,55,27.8,outer_reef,outer_reef,steep_slope,3,3.5,0,0,0,26327.06029,0,0,0,0,0,0,0,1194591.797,0,0,0,0,0,26327.06029
HOLM-01,55,27.9,outer_reef,outer_reef,steep_slope,3,3,0,0,0,121780.3704,0,0,0,50976.21657,0,87966.22939,0,387728.8684,0,0,28447.72215,0,0,121780.3704
HOLM-02,28,29.4,outer_reef,outer_reef,gentle_slope,1,2,0,0,0,1021802.236,1236879.125,0,834432.8734,1361715.102,7690.468714,5501551.024,54159216.99,785402.2058,858169.0081,0,32475.31091,0,0,3116850.369
HOLM-02,31.2,29.2,outer_reef,outer_reef,gentle_slope,1,2,0,0,45205.66062,1970492.62,154830.1056,0,223089.0682,1026653.768,15919.53341,55971461.43,15180398.39,18800.515,640940.3799,0,0,0,0,2766263.106
HOLM-02,35,28.4,outer_reef,outer_reef,gentle_slope,1,2,685268.4583,0,56280.30761,7475436.993,94486.19002,0,740487.5372,799085.8972,2259187.149,16563442.54,0,8108800.137,275355.9324,0,0,0,0,8530547.574
HOLM-02,37,28,outer_reef,outer_reef,gentle_slope,1,2,0,0,0,653325.7786,217435.9127,0,253509.7131,1481884.752,54510.0936,0,0,1122609.452,392074.3516,0,0,0,0,1262836.043
HOLM-02,45,27,outer_reef,outer_reef,wall,4,4,0,0,0,112907.3947,0,0,243813.9647,504080.5908,0,557415.8468,0,1561718.878,0,167728.0338,0,0,0,112907.3947
HOLM-02,46.6,26.9,outer_reef,outer_reef,wall,4,4,0,0,0,0,0,0,901688.6566,354217.8338,504056.3011,92004.0059,0,2728105.402,0,0,0,0,0,0
HOLM-02,54.5,26.8,outer_reef,outer_reef,steep_slope,3,4,0,0,0,1676018.005,0,0,2962851.04,378219.2087,119183.0489,195927.9198,0,5192630.901,0,0,0,0,0,1676018.005
HOLM-02,56.6,26.7,outer_reef,outer_reef,steep_slope,3,3,0,0,0,323794.034,0,0,702286.9568,1175608.695,0,1015967.576,0,5167744.562,0,0,0,0,0,323794.034
HOLM-02,62.7,27.1,outer_reef,outer_reef,steep_slope,3,3,0,0,0,97041.87878,0,0,547429.5646,610794.3508,925790.7581,72723735.44,0,272217.0089,0,0,0,0,0,97041.87878
HOLM-02,63.1,26.4,outer_reef,outer_reef,steep_slope,3,3,0,0,0,0,0,0,0,0,71840.74295,75803619.02,0,453976.3186,0,0,0,0,0,0
HOLM-02,63.2,26.5,outer_reef,outer_reef,steep_slope,3,4,779471.9725,0,0,64746.2073,0,0,495830.0528,314299.7075,0,0,0,11126852.66,0,119880.2097,0,0,0,844218.1798
HOLM-02,63.7,26.3,outer_reef,outer_reef,steep_slope,3,3,0,0,0,358925.7363,0,0,1312299.533,2459641.591,340321.0921,0,0,264250.9236,0,127240.9753,0,0,0,358925.7363
HOLM-02,64.2,26.6,outer_reef,outer_reef,steep_slope,3,4,0,0,76891.14662,0,0,0,361202.3247,383947.6022,0,2288393.145,0,756348.8833,0,136849.6052,0,0,0,0
HOLM-03,2.3,27.4,outer_reef,outer_reef,gentle_slope,1,4,0,0,0,0,0,0,0,0,0,0,0,0,0,0,0,0,0,0
HOLM-03,9.6,27.3,outer_reef,outer_reef,gentle_slope,1,4,0,0,0,0,0,0,0,0,0,0,0,0,0,0,0,0,0,0
HOLM-03,12.6,27.3,outer_reef,outer_reef,gentle_slope,1,4,0,0,0,0,0,0,0,0,0,0,0,0,0,0,0,0,0,0
HOLM-03,18.2,27.4,outer_reef,outer_reef,gentle_slope,1,4,0,0,0,0,0,0,0,0,0,0,0,0,0,0,0,0,0,0
HOLM-03,22.4,27.4,outer_reef,outer_reef,gentle_slope,1,4,0,0,0,0,0,0,0,0,0,0,0,0,0,0,0,0,0,0
HOLM-03,27.3,27.4,outer_reef,outer_reef,gentle_slope,1,4,0,0,0,0,0,0,0,0,0,0,0,0,0,0,0,0,0,0
HOLM-03,32.2,27.4,outer_reef,outer_reef,gentle_slope,1,4,0,0,0,0,0,0,0,0,0,0,0,0,0,0,0,0,0,0
HOLM-03,37.1,27.4,outer_reef,outer_reef,gentle_slope,1,4,0,0,0,0,0,0,0,0,0,0,0,0,0,0,0,0,0,0
HOLM-03,41.6,27.4,outer_reef,outer_reef,gentle_slope,1,4,0,0,0,0,0,0,0,0,0,0,0,0,0,0,0,0,0,0
HOLM-03,46.8,27.4,outer_reef,outer_reef,gentle_slope,1,4,0,0,0,0,0,0,0,0,0,0,0,0,0,0,0,0,0,0
HOLM-03,51.5,25.5,outer_reef,outer_reef,gentle_slope,1,4,0,0,0,0,0,0,0,0,0,0,0,0,0,0,0,0,0,0
HOLM-03,52.1,27.5,outer_reef,outer_reef,gentle_slope,1,4,0,0,0,0,0,0,0,0,0,0,0,0,0,0,0,0,0,0
HOLM-03,57.1,25.5,outer_reef,outer_reef,gentle_slope,1,4,0,0,0,0,0,0,0,0,0,0,0,0,0,0,0,0,0,0
HOLM-03,61.6,25.5,outer_reef,outer_reef,gentle_slope,1,4,0,0,0,0,0,0,0,0,0,0,0,0,0,0,0,0,0,0
HOLM-03,68.2,25.5,outer_reef,outer_reef,gentle_slope,1,4,0,0,0,0,0,0,0,0,0,0,0,0,0,0,0,0,0,0
HOLM-03,71.7,25.5,outer_reef,outer_reef,gentle_slope,1,4,0,0,0,0,0,0,0,0,0,0,0,0,0,0,0,0,0,0
HOLM-03,77.4,25.4,outer_reef,outer_reef,gentle_slope,1,4,0,0,0,0,0,0,0,0,0,0,0,0,0,0,0,0,0,0
HOLM-03,82.2,25.2,outer_reef,outer_reef,gentle_slope,1,4,0,0,0,0,0,0,0,0,0,0,0,0,0,0,0,0,0,0
HOLM-03,87.6,25.4,outer_reef,outer_reef,gentle_slope,1,4,0,0,0,0,0,0,0,0,0,0,0,0,0,0,0,0,0,0
HOLM-03,91.4,25.5,outer_reef,outer_reef,gentle_slope,1,4,0,0,0,0,0,0,0,0,0,0,0,0,0,0,0,0,0,0
HOLM-03,98.7,25.7,outer_reef,outer_reef,gentle_slope,1,4,0,0,0,0,0,0,0,0,0,0,0,0,0,0,0,0,0,0
HOLM-04,3,27.6,outer_slope,outer_reef,gentle_slope,1,1,0,0,0,0,0,0,0,0,0,0,0,0,0,0,0,0,0,0
HOLM-04,7,27.4,outer_slope,outer_reef,moderate_slope,2,1,0,0,0,0,0,0,0,0,0,0,0,0,0,0,0,0,0,0
HOLM-04,12,27.4,outer_slope,outer_reef,moderate_slope,2,1,0,0,0,0,0,0,0,0,0,0,0,0,0,0,0,0,0,0
HOLM-04,17,27.4,outer_slope,outer_reef,gentle_slope,1,1,0,0,0,0,0,0,0,0,0,0,0,0,0,0,0,0,0,0
HOLM-04,22,27.5,outer_slope,outer_reef,gentle_slope,1,1,0,0,0,0,0,0,0,0,0,0,0,0,0,0,0,0,0,0
HOLM-04,28,27.5,outer_slope,outer_reef,gentle_slope,1,1,0,0,0,0,0,0,0,0,0,0,0,0,0,0,0,0,0,0
HOLM-04,32,27.5,outer_slope,outer_reef,gentle_slope,1,1,0,0,0,0,0,0,0,0,0,0,0,0,0,0,0,0,0,0
HOLM-04,37,27.5,outer_slope,outer_reef,gentle_slope,1,1,0,0,0,0,0,0,0,0,0,0,0,0,0,0,0,0,0,0
HOLM-04,41,27.5,outer_slope,outer_reef,gentle_slope,1,1,0,0,0,0,0,0,0,0,0,0,0,0,0,0,0,0,0,0
HOLM-04,47,27.1,outer_slope,outer_reef,gentle_slope,1,1,0,0,0,0,0,0,0,0,0,0,0,0,0,0,0,0,0,0
HOLM-04,54,27.2,outer_slope,outer_reef,flat,0,1,0,0,0,0,0,0,0,0,0,0,0,0,0,0,0,0,0,0
HOLM-04,56,26.2,outer_slope,outer_reef,moderate_slope,2,1,0,0,0,0,0,0,0,0,0,0,0,0,0,0,0,0,0,0
HOLM-04,63,26.2,outer_slope,outer_reef,steep_slope,3,1,0,0,0,0,0,0,0,0,0,0,0,0,0,0,0,0,0,0
HOLM-04,65,26.2,outer_slope,outer_reef,wall,4,1,0,0,0,0,0,0,0,0,0,0,0,0,0,0,0,0,0,0
HOLM-04,71,26.3,outer_slope,outer_reef,wall,4,1,0,0,0,0,0,0,0,0,0,0,0,0,0,0,0,0,0,0
HOLM-04,75,26,outer_slope,outer_reef,wall,4,1,0,0,0,0,0,0,0,0,0,0,0,0,0,0,0,0,0,0
HOLM-04,81,26.1,outer_slope,outer_reef,wall,4,1,0,0,0,0,0,0,0,0,0,0,0,0,0,0,0,0,0,0
HOLM-04,85,26,outer_slope,outer_reef,wall,4,1,0,0,0,0,0,0,0,0,0,0,0,0,0,0,0,0,0,0
HOLM-04,91,25.8,outer_slope,outer_reef,wall,4,1,0,0,0,0,0,0,0,0,0,0,0,0,0,0,0,0,0,0
HOLM-04,95,25.9,outer_slope,outer_reef,wall,4,1,0,0,0,0,0,0,0,0,0,0,0,0,0,0,0,0,0,0
HSUP-01,9.6,28.8,outer_reef,outer_reef,steep_slope,3,2,0,0,0,0,0,0,0,0,0,0,0,0,0,0,0,0,0,0
HSUP-01,13.7,28.8,outer_reef,outer_reef,steep_slope,3,2,0,0,0,0,0,0,0,0,0,0,0,0,0,0,0,0,0,0
HSUP-01,18.6,28.8,outer_reef,outer_reef,moderate_slope,2,3,0,0,0,0,0,0,0,0,0,0,0,0,0,0,0,0,0,0
HSUP-01,28.4,27.5,outer_reef,outer_reef,gentle_slope,1,4,0,0,0,0,0,0,0,0,0,0,0,0,0,0,0,0,0,0
HSUP-01,39.6,27.5,outer_reef,outer_reef,steep_slope,3,4,0,0,0,0,0,0,0,0,0,0,0,0,0,0,0,0,0,0
HSUP-01,47.6,27.5,outer_reef,outer_reef,steep_slope,3,4,0,0,0,0,0,0,0,0,0,0,0,0,0,0,0,0,0,0
HSUP-01,55.5,27.4,outer_reef,outer_reef,steep_slope,3,5,0,0,0,0,0,0,0,0,0,0,0,0,0,0,0,0,0,0
HSUP-01,61.3,27.4,outer_reef,outer_reef,steep_slope,3,4,0,0,0,0,0,0,0,0,0,0,0,0,0,0,0,0,0,0
JULI-01,28,25.3,outer_slope,outer_reef,gentle_slope,1,3,0,0,0,0,0,0,0,0,0,0,0,0,0,0,0,0,0,0
JULI-01,34.9,25.5,outer_reef,outer_reef,gentle_slope,1,3,0,0,0,0,0,0,0,0,0,0,0,0,0,0,0,0,0,0
JULI-01,49.3,25.4,outer_reef,outer_reef,gentle_slope,1,1,0,0,0,0,0,0,0,0,0,0,0,0,0,0,0,0,0,0
JULI-01,59,25.4,outer_reef,outer_reef,gentle_slope,1,2,0,0,0,0,0,0,0,0,0,0,0,0,0,0,0,0,0,0
JULI-01,68,25.6,outer_reef,outer_reef,flat,0,3,0,0,0,0,0,0,0,0,0,0,0,0,0,0,0,0,0,0
JULI-01,70,25.5,outer_reef,outer_reef,gentle_slope,1,1,0,0,0,0,0,0,0,0,0,0,0,0,0,0,0,0,0,0
JULI-01,80,25.5,outer_reef,outer_reef,moderate_slope,2,4,0,0,0,0,0,0,0,0,0,0,0,0,0,0,0,0,0,0
JULI-01,98,25.5,outer_reef,outer_reef,steep_slope,3,4,0,0,0,0,0,0,0,0,0,0,0,0,0,0,0,0,0,0
JULI-02,35.4,25.5,outer_reef,outer_reef,moderate_slope,2,3,0,0,0,0,0,0,0,0,0,0,0,0,0,0,0,0,0,0
JULI-02,47.6,25.8,outer_reef,outer_reef,gentle_slope,1,1.5,0,0,0,0,0,0,0,0,0,0,0,0,0,0,0,0,0,0
JULI-02,55.6,25.5,outer_reef,outer_reef,gentle_slope,1,1,0,0,0,0,0,0,0,0,0,0,0,0,0,0,0,0,0,0
JULI-02,59.1,25.5,outer_reef,outer_reef,gentle_slope,1,1.5,0,0,0,0,0,0,0,0,0,0,0,0,0,0,0,0,0,0
JULI-02,67.1,25.6,outer_reef,outer_reef,moderate_slope,2,3,0,0,0,0,0,0,0,0,0,0,0,0,0,0,0,0,0,0
JULI-02,77,25.4,outer_reef,outer_reef,moderate_slope,2,3.5,0,0,0,0,0,0,0,0,0,0,0,0,0,0,0,0,0,0
JULI-02,86.4,25.4,outer_reef,outer_reef,moderate_slope,2,3,0,0,0,0,0,0,0,0,0,0,0,0,0,0,0,0,0,0
JULI-02,94.2,25.4,outer_reef,outer_reef,moderate_slope,2,3,0,0,0,0,0,0,0,0,0,0,0,0,0,0,0,0,0,0
JULI-02,98,25,outer_reef,outer_reef,moderate_slope,2,3,0,0,0,0,0,0,0,0,0,0,0,0,0,0,0,0,0,0
KENN-01,31.1,26.5,outer_reef,outer_reef,steep_slope,3,4,0,0,0,633223.0765,192806.8112,655727.5785,1040782.737,1009592.265,644570.6306,652244.9936,0,9845389.165,1521789.343,0,0,0,0,3003546.809
KENN-01,31.4,26.4,outer_reef,outer_reef,gentle_slope,1,3,5726822.164,0,0,3151768.558,492342.8801,4408457.239,271161.091,767947.9901,1719328.76,4393859.52,0,26654572.46,3321126.165,0,0,0,0,17100517.01
KENN-01,32.3,26.4,outer_reef,outer_reef,gentle_slope,1,3,0,0,0,535333.151,0,0,639166.651,1113181.462,0,25547264.01,6899093.399,34374377.27,0,0,1873.421996,0,0,535333.151
KENN-01,40.8,26.3,outer_reef,outer_reef,steep_slope,3,4,1394165.008,0,90914.42935,365543.0189,558816.8308,0,1891975.997,113110.4404,0,18141773.95,0,413576.1941,1346549.186,0,0,0,0,3665074.044
KENN-02,20,27,lagoon,lagoon,gentle_slope,1,0,0,0,0,0,0,0,0,0,0,0,0,0,0,0,0,0,0,0
LORN-01,4,26.1,outer_slope,outer_reef,flat,0,1,0,0,0,0,0,0,0,0,0,0,0,0,0,0,0,0,0,0
LORN-01,9,26.2,outer_slope,outer_reef,flat,0,1,0,0,0,0,0,0,0,0,0,0,0,0,0,0,0,0,0,0
LORN-01,27,26.2,outer_slope,outer_reef,flat,0,2,0,0,0,0,0,0,0,0,0,0,0,0,0,0,0,0,0,0
LORN-01,30.8,28.3,outer_slope,outer_reef,flat,0,2,0,0,0,0,0,0,0,528820.8605,152049.426,0,0,0,0,0,0,0,0,0
LORN-01,31.2,28.3,outer_slope,outer_reef,flat,0,1,0,0,0,0,0,0,480858.6523,469079.2177,88079.20104,0,0,100119.2783,0,0,65746.44797,0,0,0
LORN-01,31.7,28,outer_slope,outer_reef,flat,0,2,0,0,64034.32468,26932.93025,0,0,3046164.264,738703.5384,0,0,0,10019.14315,0,0,0,0,0,26932.93025
LORN-01,32.5,28,outer_slope,outer_reef,flat,0,2,0,0,0,219913.726,154938.3535,0,895440.3874,3546751.781,53981.70024,1486380.956,0,290277.7906,400266.7648,0,0,0,0,775118.8443
LORN-01,33,28.3,outer_slope,outer_reef,flat,0,2,0,0,91960.16999,0,0,0,0,982947.8848,944374.036,207004.8911,0,172141.5547,0,0,0,0,0,0
LORN-01,34,26.2,outer_slope,outer_reef,flat,0,2,0,0,0,0,0,0,0,0,0,0,0,0,0,0,0,0,0,0
LORN-01,36.5,27.6,outer_slope,outer_reef,flat,0,3,0,0,0,560028.3785,0,0,0,0,135181.5879,0,0,3548559.469,0,0,120351.7971,0,0,560028.3785
LORN-01,40,27.4,outer_slope,outer_reef,gentle_slope,1,3,911558.3476,0,141561.2956,2386875.465,346100.4068,0,1091978.549,1783500.818,3755324.599,4308343.758,0,34534062.7,0,0,426020.2343,0,0,3644534.219
LORN-01,44.8,27.7,outer_slope,outer_reef,gentle_slope,1,2,0,0,274425.8109,1574257.813,142050.736,0,2025970.378,951875.6479,0,6112907.852,0,4673942.489,0,0,0,0,0,1716308.549
LORN-01,45.1,27.7,outer_slope,outer_reef,flat,0,2,0,0,0,638851.4049,569217.3363,0,605206.4996,1921822.875,138247.9681,0,0,1446448.892,1093610.334,0,0,0,0,2301679.075
LORN-01,46,26.2,outer_slope,outer_reef,steep_slope,3,1,0,0,0,0,0,0,0,0,0,0,0,0,0,0,0,0,0,0
LORN-01,50.1,25.3,outer_slope,outer_reef,steep_slope,3,1,0,0,0,0,0,0,0,0,0,0,0,43139.77841,0,0,0,0,0,0
LORN-01,50.1,25.7,outer_slope,outer_reef,steep_slope,3,3,0,0,294388.6439,0,0,0,235752.4116,131448.2759,286946.3926,5236158.069,0,28523012.82,0,737489.4433,0,0,0,0
LORN-01,52,26.3,outer_slope,outer_reef,steep_slope,3,1,0,0,0,0,0,0,0,0,0,0,0,0,0,0,0,0,0,0
LORN-01,55.2,28,outer_slope,outer_reef,steep_slope,3,3,0,0,327256.8614,0,457634.1543,0,837997.3563,343816.6089,94720.48789,0,0,5029335.266,679292.9483,0,0,0,0,1136927.103
LORN-01,55.6,27.9,outer_slope,outer_reef,steep_slope,3,4,0,0,0,0,0,0,0,689120.3723,307052.0241,0,0,2235805.413,281582.3788,0,0,0,0,281582.3788
LORN-01,64,25.9,outer_slope,outer_reef,steep_slope,3,1,0,0,0,0,0,0,0,0,0,0,0,0,0,0,0,0,0,0
LORN-01,74,25.8,outer_slope,outer_reef,wall,4,1,0,0,0,0,0,0,0,0,0,0,0,0,0,0,0,0,0,0
LORN-01,81,25.8,outer_slope,outer_reef,wall,4,1,0,0,0,0,0,0,0,0,0,0,0,0,0,0,0,0,0,0
LORN-01,86,25.7,outer_slope,outer_reef,wall,4,1,0,0,0,0,0,0,0,0,0,0,0,0,0,0,0,0,0,0
LORN-02,7,25.7,lagoon,lagoon,flat,0,3,0,0,0,0,0,0,0,0,0,0,0,0,0,0,0,0,0,0
LORN-02,15,25.7,lagoon,lagoon,flat,0,1,0,0,0,0,0,0,0,0,0,0,0,0,0,0,0,0,0,0
LORN-02,25,25.8,lagoon,lagoon,flat,0,0,0,0,0,0,0,0,0,0,0,0,0,0,0,0,0,0,0,0
MARG-01,9,25.8,outer_reef,outer_reef,gentle_slope,1,4,0,0,0,0,0,0,0,0,0,0,0,0,0,0,0,0,0,0
MARG-01,17.3,25.8,outer_reef,outer_reef,gentle_slope,1,4,0,0,0,0,0,0,0,0,0,0,0,0,0,0,0,0,0,0
MARG-01,25.2,26,outer_reef,outer_reef,moderate_slope,2,1,0,0,0,0,0,0,0,0,0,0,0,0,0,0,0,0,0,0
MARG-01,34.2,25.8,outer_reef,outer_reef,moderate_slope,2,0,0,0,0,0,0,0,0,0,0,0,0,0,0,0,0,0,0,0
MARG-01,43.6,25.5,outer_reef,outer_reef,moderate_slope,2,0,0,0,0,0,0,0,0,0,0,0,0,0,0,0,0,0,0,0
MARG-01,53.3,25.6,outer_reef,outer_reef,steep_slope,3,1,0,0,0,0,0,0,0,0,0,0,0,0,0,0,0,0,0,0
MARG-01,62,25.5,outer_reef,outer_reef,gentle_slope,1,0,0,0,0,0,0,0,0,0,0,0,0,0,0,0,0,0,0,0
MARG-01,72.2,25.6,outer_reef,outer_reef,moderate_slope,2,2,0,0,0,0,0,0,0,0,0,0,0,0,0,0,0,0,0,0
MARG-01,91,25.7,outer_reef,outer_reef,steep_slope,3,4,0,0,0,0,0,0,0,0,0,0,0,0,0,0,0,0,0,0
MARG-01,91.9,25.6,outer_reef,outer_reef,steep_slope,3,4,0,0,0,0,0,0,0,0,0,0,0,0,0,0,0,0,0,0
MARG-02,6.4,25.4,lagoon,lagoon,moderate_slope,2,1,0,0,0,0,0,0,0,0,0,0,0,0,0,0,0,0,0,0
MARG-02,7.7,25.4,lagoon,lagoon,moderate_slope,2,1,0,0,0,0,0,0,0,0,0,0,0,0,0,0,0,0,0,0
MARG-02,13.8,25.4,lagoon,lagoon,moderate_slope,2,0,0,0,0,0,0,0,0,0,0,0,0,0,0,0,0,0,0,0
MARG-02,24.3,25.4,lagoon,lagoon,gentle_slope,1,0,0,0,0,0,0,0,0,0,0,0,0,0,0,0,0,0,0,0
MARG-02,34.5,25.5,lagoon,lagoon,moderate_slope,2,0,0,0,0,0,0,0,0,0,0,0,0,0,0,0,0,0,0,0
MARG-02,34.9,25.4,lagoon,lagoon,moderate_slope,2,0,0,0,0,0,0,0,0,0,0,0,0,0,0,0,0,0,0,0
MARG-02,42.2,25.5,lagoon,lagoon,moderate_slope,2,0,0,0,0,0,0,0,0,0,0,0,0,0,0,0,0,0,0,0
MARG-02,43.8,25.5,lagoon,lagoon,gentle_slope,1,0,0,0,0,0,0,0,0,0,0,0,0,0,0,0,0,0,0,0
MARI-01,33.9,27.5,lagoon,lagoon,flat,0,2,0,0,0,86955.93583,514642.6958,0,689331.6786,164750.6135,0,77819185.21,8022765.021,0,494849.1271,0,0,0,0,1096447.759
MARI-01,34.7,27.3,lagoon,lagoon,flat,0,0,0,0,0,0,0,0,0,0,0,280335.8345,0,0,0,0,0,0,0,0
MARI-01,34.9,27.2,lagoon,lagoon,flat,0,1,0,0,0,0,0,0,0,25985.17339,0,0,0,0,0,0,0,0,0,0
MARI-01,34.9,27.3,lagoon,lagoon,flat,0,1,0,0,0,0,0,0,0,0,0,354361.9306,0,7025749.083,0,0,0,0,0,0
MARI-01,35,27.3,lagoon,lagoon,flat,0,0,0,0,0,0,0,0,0,0,0,0,0,6865.316795,0,0,0,0,0,0
MARI-01,35,27.3,lagoon,lagoon,flat,0,1,0,0,0,116546.2626,294356.4214,0,0,0,0,0,0,6033.565142,556323.7617,0,0,0,0,967226.4457
MARI-01,35.1,27.3,lagoon,lagoon,flat,0,0,0,0,0,0,0,0,5657936.259,68985.91973,0,0,0,3520.00752,0,0,0,0,0,0
MARI-02,18,28.1,lagoon,lagoon,flat,0,0,0,0,0,0,0,0,0,0,0,0,0,0,0,0,0,0,0,0
MARI-02,38,28,lagoon,lagoon,flat,0,1,0,0,0,0,0,0,0,0,0,0,0,0,0,0,0,0,0,0
MARI-02,41,28,lagoon,lagoon,flat,0,1,0,0,0,0,0,0,0,0,0,0,0,0,0,0,0,0,0,0
MARI-02,43,28.1,lagoon,lagoon,flat,0,1,0,0,0,0,0,0,0,0,0,0,0,0,0,0,0,0,0,0
MARI-02,44,28,lagoon,lagoon,flat,0,2,0,0,0,0,0,0,0,0,0,0,0,0,0,0,0,0,0,0
MARI-02,44,28.1,lagoon,lagoon,flat,0,2,0,0,0,0,0,0,0,0,0,0,0,0,0,0,0,0,0,0
MARI-02,45,28,lagoon,lagoon,flat,0,2,0,0,0,0,0,0,0,0,0,0,0,0,0,0,0,0,0,0
MARI-02,46,28,lagoon,lagoon,flat,0,2,0,0,0,0,0,0,0,0,0,0,0,0,0,0,0,0,0,0
MARI-02,46,28.1,lagoon,lagoon,flat,0,2,0,0,0,0,0,0,0,0,0,0,0,0,0,0,0,0,0,0
MARI-02,48,28,lagoon,lagoon,flat,0,2,0,0,0,0,0,0,0,0,0,0,0,0,0,0,0,0,0,0
MARI-02,54,28.1,lagoon,lagoon,flat,0,1,0,0,0,0,0,0,0,0,0,0,0,0,0,0,0,0,0,0
MIDD-01,4,25.7,inner_reef,inner_reef,flat,0,1,0,0,0,0,0,0,0,0,0,0,0,0,0,0,0,0,0,0
MIDD-01,5,25.6,inner_reef,inner_reef,flat,0,1,0,0,0,0,0,0,0,0,0,0,0,0,0,0,0,0,0,0
MIDD-01,10,25.6,inner_reef,inner_reef,flat,0,3,0,0,0,0,0,0,0,0,0,0,0,0,0,0,0,0,0,0
MIDD-01,11,25.5,inner_reef,inner_reef,flat,0,3,0,0,0,0,0,0,0,0,0,0,0,0,0,0,0,0,0,0
MIDD-01,21,25.6,inner_reef,inner_reef,steep_slope,3,3,0,0,0,0,0,0,0,0,0,0,0,0,0,0,0,0,0,0
MIDD-01,26,25.6,inner_reef,inner_reef,flat,0,1,0,0,0,0,0,0,0,0,0,0,0,0,0,0,0,0,0,0
MIDD-01,28,25.6,inner_reef,inner_reef,flat,0,0,0,0,0,0,0,0,0,0,0,0,0,0,0,0,0,0,0,0
MIDD-01,30,25.6,inner_reef,inner_reef,flat,0,1,0,0,0,0,0,0,0,0,0,0,0,0,0,0,0,0,0,0
MIDD-01,40,25.6,inner_reef,inner_reef,flat,0,1,0,0,0,0,0,0,0,0,0,0,0,0,0,0,0,0,0,0
MIDD-01,40,25.7,inner_reef,inner_reef,flat,0,2,0,0,0,0,0,0,0,0,0,0,0,0,0,0,0,0,0,0
OBSN-01,5,25.6,outer_reef,outer_reef,wall,4,1,0,0,0,0,0,0,0,0,0,0,0,0,0,0,0,0,0,0
OBSN-01,16,25.7,outer_reef,outer_reef,wall,4,1,0,0,0,0,0,0,0,0,0,0,0,0,0,0,0,0,0,0
OBSN-01,25,25.7,outer_reef,outer_reef,wall,4,1,0,0,0,0,0,0,0,0,0,0,0,0,0,0,0,0,0,0
OBSN-01,33,25.8,outer_reef,outer_reef,wall,4,1,0,0,0,0,0,0,0,0,0,0,0,0,0,0,0,0,0,0
OBSN-01,41,25.8,outer_reef,outer_reef,wall,4,1,0,0,0,0,0,0,0,0,0,0,0,0,0,0,0,0,0,0
OBSN-01,55,25.9,outer_reef,outer_reef,wall,4,1,0,0,0,0,0,0,0,0,0,0,0,0,0,0,0,0,0,0
OBSN-01,63,26,outer_reef,outer_reef,wall,4,1,0,0,0,0,0,0,0,0,0,0,0,0,0,0,0,0,0,0
OBSN-01,76,26.1,outer_reef,outer_reef,wall,4,1,0,0,0,0,0,0,0,0,0,0,0,0,0,0,0,0,0,0
OBSN-01,82,26.1,outer_reef,outer_reef,wall,4,1,0,0,0,0,0,0,0,0,0,0,0,0,0,0,0,0,0,0
OBSN-01,96,25.8,outer_reef,outer_reef,wall,4,1,0,0,0,0,0,0,0,0,0,0,0,0,0,0,0,0,0,0
OSPR-01,5.1,30.3,outer_reef,outer_reef,moderate_slope,2,1,767341.6345,0,194068.087,145844.8968,1472133.676,4907832.981,1598054.842,313566.1315,0,996665.3436,600176.3409,176416.7243,0,0,0,0,0,7293153.188
OSPR-01,7,30.1,outer_reef,outer_reef,steep_slope,3,2.5,915063.7475,0,0,0,984036.3902,4782223.806,552602.5175,127458.9737,1930393.397,0,6695158.018,10221871.28,0,0,0,0,0,6681323.944
OSPR-01,7.1,30.2,outer_reef,outer_reef,wall,4,2.5,0,0,0,0,1211050.75,1329956.373,0,0,270382.8588,0,0,25483243.32,912488.6405,0,0,0,0,3453495.764
OSPR-01,7.1,30.3,outer_reef,outer_reef,moderate_slope,2,1,0,0,284607.8358,64091.52834,1059750.738,3216730.298,127185.0925,739112.3237,0,86822.85622,0,15000.74432,0,0,0,0,0,4340572.564
OSPR-01,9.1,30.2,outer_reef,outer_reef,wall,4,2.5,0,0,97787.67014,662243.1845,1368004.226,24404748.22,484035.0197,347884.3965,274923.6513,60115.23352,483449.8832,1540298.199,173431.8209,0,0,0,0,26608427.45
OSPR-01,9.1,30.3,outer_reef,outer_reef,moderate_slope,2,1,0,0,0,98557.94765,317978.2558,0,0,536660.0238,0,0,0,1012235.993,0,0,0,0,0,416536.2035
OSPR-01,12.7,30,outer_reef,outer_reef,moderate_slope,2,3,0,0,32340.70975,1282941.543,149237.4531,0,445110.2884,393020.7247,0,0,1823389.338,59562.22391,0,0,0,48647.41295,0,1432178.996
OSPR-01,14.1,30.2,outer_reef,outer_reef,wall,4,2.5,0,0,44409.80967,302201.6563,859991.5026,0,143123.8704,166103.6874,201753.3748,1163461.818,0,3653983.332,0,0,0,0,0,1162193.159
OSPR-01,15.4,30,outer_reef,outer_reef,steep_slope,3,2.5,0,0,10892.15285,161020.2011,163660.3972,0,0,609676.4779,50391.61367,131035.7559,0,146692.9073,1975381.387,168901.4289,0,0,0,2300061.985
OSPR-01,16.4,30.1,outer_reef,outer_reef,wall,4,3,0,0,0,141266.6307,0,1781353.848,500154.2742,0,284200.8744,0,0,1572959.832,171034.8359,0,0,0,0,2093655.315
OSPR-01,18.8,30.1,outer_reef,outer_reef,wall,4,3,0,0,0,1233045.905,0,0,99104.56958,325086.1505,588196.1628,452785.9918,0,191850.6824,677143.1468,0,0,0,0,1910189.052
OSPR-01,18.9,29.8,outer_reef,outer_reef,steep_slope,3,3,0,0,57103.96044,0,39363.69061,0,0,0,0,0,0,2500689.652,0,0,0,0,0,39363.69061
OSPR-01,21.8,28.4,outer_reef,outer_reef,steep_slope,3,2.5,1213007.999,0,0,1189357.185,53076.23669,381217.5836,3946788.129,451632.8172,283012.3615,677325.7405,0,917437.7934,261247.9304,0,21450.46721,0,0,3097906.935
OSPR-01,23.7,29.6,outer_reef,outer_reef,moderate_slope,2,3,0,0,0,0,240104.9724,0,1670485.897,1050537.878,0,756889.5328,0,815497.2857,786945.5555,0,0,0,0,1027050.528
OSPR-01,25.1,28.4,outer_reef,outer_reef,steep_slope,3,2.5,0,0,0,0,0,0,3931888.804,123896.8281,397524.5135,199327.8713,0,83117.64029,0,0,0,0,0,0
OSPR-01,25.5,29.5,outer_reef,outer_reef,moderate_slope,2,2.5,0,0,0,84809.338,0,3407911.123,352281.1264,1866382.764,0,0,343281.5444,36607.03164,169460.5534,0,0,0,0,3662181.014
OSPR-01,28.2,28.2,outer_reef,outer_reef,wall,4,2.5,1297553.993,0,0,118592.873,0,1741572.926,113960.3929,1703018.073,665394.8842,2522852.903,0,4438737.584,1962222.934,0,0,0,0,5119942.726
OSPR-01,28.8,28.9,outer_reef,outer_reef,moderate_slope,2,3,0,0,138274.8302,0,279806.2238,0,249441.2771,375141.3443,0,0,48800.92158,230582.8781,735489.7792,0,0,0,17475.42952,1015296.003
OSPR-01,32.8,28.8,outer_reef,outer_reef,moderate_slope,2,3,0,0,0,18638.29861,68331.11306,0,0,61821.33073,8413235.582,56595.57342,0,1579118.644,0,0,0,0,0,86969.41167
OSPR-01,33.3,27.9,outer_reef,outer_reef,wall,4,3,0,0,0,137771.8669,27846.06959,0,632325.347,1092948.816,1102296.013,0,0,113293.3389,0,114888.3111,0,0,0,165617.9365
OSPR-01,35.3,27.9,outer_reef,outer_reef,steep_slope,3,2.5,782557.4522,0,0,260631.3165,22081.91336,0,1025434.566,338965.7835,804984.2897,1520701.754,477003.3642,5214352.617,531613.4889,0,0,0,0,1596884.171
OSPR-01,35.7,28.7,outer_reef,outer_reef,gentle_slope,1,2.5,0,0,0,38274.54921,61629.4231,0,183210.9782,147538.9505,23735.2138,120459.7766,0,782801.1259,0,0,0,0,0,99903.97231
OSPR-01,36.6,28.5,outer_reef,outer_reef,moderate_slope,2,3,0,0,27283.66599,74114.94547,70383.62321,0,1107557.907,282519.39,0,0,0,910790.0624,171362.1154,0,0,0,0,315860.6841
OSPR-01,38.2,28,outer_reef,outer_reef,wall,4,2.5,0,0,266085.1758,165564.9887,0,0,1208616.925,520018.3701,2183705.494,921244.6034,0,1899349.309,417662.4476,0,0,0,0,583227.4363
OSPR-01,41.2,28.5,outer_reef,outer_reef,wall,4,4,0,0,0,37377.96596,0,0,176661.8599,78611.6006,8343380.56,12827019.22,0,793449.0697,0,0,0,0,0,37377.96596
OSPR-01,43.2,28,outer_reef,outer_reef,wall,4,3.5,0,0,0,0,0,0,2714883.102,198803.5083,80719.17948,5761815.96,0,691024.6098,0,0,0,0,0,0
OSPR-01,44.7,27.9,outer_reef,outer_reef,moderate_slope,2,1,0,0,0,0,0,0,3431000.874,615263.7429,0,4546056.759,815451.2942,3037410.591,0,0,0,0,0,0
OSPR-01,44.7,28,outer_reef,outer_reef,wall,4,3.5,0,0,0,10570.59716,0,0,0,254222.3376,0,8925329.739,0,252086.9221,0,0,0,0,0,10570.59716
OSPR-01,47.3,27.8,outer_reef,outer_reef,wall,4,3,0,0,165344.3927,0,0,0,571460.6946,144994.8193,592166.3987,0,0,1185248.031,0,0,0,0,0,0
OSPR-01,47.8,27.5,outer_reef,outer_reef,moderate_slope,2,2,0,0,71384.55792,497127.7205,214839.9912,0,7928629.744,154971.1848,0,5146869.217,0,3238176.252,0,0,0,0,0,711967.7117
OSPR-01,52.4,27.5,outer_reef,outer_reef,steep_slope,3,4,0,0,74439.4624,49424.93198,0,1657876.757,2298264.791,160866.8506,0,48987334.06,0,4264373.779,434324.9416,0,0,0,0,2141626.631
OSPR-01,52.8,26.9,outer_reef,outer_reef,steep_slope,3,4,0,0,0,2022.401405,0,4261822.795,1832946.509,266965.7573,0,6992722.765,0,486529.8088,0,24548.08093,0,0,0,4263845.196
OSPR-01,53.2,27,outer_reef,outer_reef,steep_slope,3,3,2091355.857,0,0,0,0,0,420007.0849,0,47975.82995,0,0,1197051.997,0,0,0,0,0,2091355.857
OSPR-01,55,27.4,outer_reef,outer_reef,steep_slope,3,3,0,0,0,444240.1258,0,59632.50403,1694710.546,235009.1462,219724.8968,0,0,995363.2357,0,0,0,0,0,503872.6298
OSPR-01,56.2,27,outer_reef,outer_reef,wall,4,3,0,0,0,0,0,0,304066.0305,179145.4272,39389.8708,452216.0964,0,259933.7053,0,0,0,0,0,0
OSPR-01,57.2,26.7,outer_reef,outer_reef,steep_slope,3,2,0,0,0,0,0,0,150089.676,0,33106139.61,42015013.02,0,228794.879,0,46911.28947,0,0,0,0
OSPR-01,63.2,26.9,outer_reef,outer_reef,moderate_slope,2,3,0,0,0,29877.16675,0,0,719793.4676,786859.2419,142962.7116,821509.8971,1793157.77,793145.3025,0,0,0,0,0,29877.16675
OSPR-01,64.6,26.7,outer_reef,outer_reef,steep_slope,3,3,0,0,0,0,0,0,598141.8073,0,489176.2067,0,0,1115855.958,0,0,0,0,0,0
OSPR-01,64.6,27.1,outer_reef,outer_reef,steep_slope,3,3,0,0,147928.9451,0,0,0,1125206.044,1433742.936,146143.4043,286495.8275,0,3041111.137,0,0,0,0,0,0
OSPR-01,65.8,26.9,outer_reef,outer_reef,steep_slope,3,4,0,0,0,29637.43768,0,0,613810.3323,25094.52469,75317.55699,0,0,1065169.453,0,0,0,0,0,29637.43768
OSPR-01,66.2,26.7,outer_reef,outer_reef,steep_slope,3,3,0,0,0,209932.4762,0,0,2000617.195,197566.7118,0,533825.1793,0,430033.8206,0,0,0,0,0,209932.4762
OSPR-01,67.8,26.9,outer_reef,outer_reef,steep_slope,3,3.5,0,0,0,111486.0003,0,0,1437628.258,108169.9062,0,0,0,399356.4075,0,0,0,0,0,111486.0003
OSPR-01,70.2,26.7,outer_reef,outer_reef,steep_slope,3,3,0,0,0,0,0,0,596247.9721,174969.207,24502807.9,8318392.546,0,1111504.385,0,0,0,0,0,0
OSPR-01,70.9,26.8,outer_reef,outer_reef,steep_slope,3,3,0,0,50739.90045,0,0,0,0,206600.0505,117608.2838,0,0,601688.2206,0,0,0,0,0,0
OSPR-01,72.2,26.8,outer_reef,outer_reef,steep_slope,3,3.5,0,0,0,0,0,0,723692.8897,35801.21283,0,132166383.4,0,467329.1134,0,0,0,0,0,0
OSPR-01,74.4,26.6,outer_reef,outer_reef,steep_slope,3,4,0,0,0,0,0,0,971635.0745,145409.4861,0,612503.4089,0,706270.7692,0,2534279.827,0,0,0,0
OSPR-01,77,26.7,outer_reef,outer_reef,steep_slope,3,3,0,0,23758.39217,0,0,0,2423031.839,549262.3041,0,0,0,657720.1984,0,0,0,0,0,0
OSPR-01,77.2,26.3,outer_reef,outer_reef,steep_slope,4,3,0,0,0,31983.63343,0,0,1729264.586,0,4131.18998,0,0,454436.8711,0,0,0,0,0,31983.63343
OSPR-01,82.3,26.3,outer_reef,outer_reef,wall,4,3.5,0,0,0,0,0,0,427525.0377,100517.1629,40101.4619,0,0,629226.9127,0,0,0,0,0,0
OSPR-01,82.5,26.1,outer_reef,outer_reef,steep_slope,3,2,0,0,0,0,0,0,0,0,1256947.045,0,0,1585116.828,0,0,0,0,0,0
OSPR-01,84.5,25.9,outer_reef,outer_reef,steep_slope,3,2,0,0,0,0,0,0,0,0,0,635582.6232,0,1461183.194,0,0,0,0,0,0
OSPR-01,85.1,25.5,outer_reef,outer_reef,steep_slope,4,3,0,0,0,0,0,0,0,24600.44078,0,10957417.75,0,747644.6609,0,0,0,0,0,0
OSPR-01,86.4,25.6,outer_reef,outer_reef,steep_slope,3,3,0,0,0,0,0,0,0,0,0,0,0,86969.55244,0,0,0,0,0,0
OSPR-01,87.6,25.8,outer_reef,outer_reef,wall,5,2.5,0,0,0,0,0,0,0,0,21341530.49,0,0,661726.0976,0,0,0,0,0,0
OSPR-01,90.4,25.5,outer_reef,outer_reef,steep_slope,3,2.5,0,0,0,0,0,0,360935.153,26472.99196,16866.05098,17458.02847,0,124623.665,0,0,0,0,0,0
OSPR-01,91.1,25.5,outer_reef,outer_reef,wall,4,3,0,0,0,0,0,0,0,740354.5776,0,5049734.301,29862683.76,6650.602632,0,0,0,0,0,0
OSPR-01,91.3,25.5,outer_reef,outer_reef,wall,4,2,0,0,0,0,0,0,238842.0649,460365.7366,150252.2766,0,0,1557405.048,0,0,0,0,0,0
OSPR-01,92.4,25.3,outer_reef,outer_reef,wall,4,3,0,0,0,0,0,0,1224957.834,474061.7911,0,0,0,481098.4342,0,0,0,0,0,0
OSPR-01,93.9,25.5,outer_reef,outer_reef,wall,4,3,0,0,0,0,0,0,0,230228.5413,19426.82732,0,0,259970.6363,0,0,0,0,0,0
OSPR-01,94,25.7,outer_reef,outer_reef,wall,4,3,0,0,0,0,0,0,0,48535.21482,22349.32336,331354.2821,0,103372.8242,0,0,0,0,0,0
OSPR-01,96.3,25.6,outer_reef,outer_reef,wall,4,2,0,0,0,0,0,0,335152.7451,28034.56404,63627.57703,273617539,0,243355.4993,3279590.754,0,0,0,0,3279590.754
OSPR-01,98.8,25.7,outer_reef,outer_reef,wall,4,4,0,0,0,0,0,0,0,165087.967,1903865.463,0,0,11156361.91,0,0,0,0,0,0
OSPR-02,6.1,30.1,outer_reef,outer_reef,gentle_slope,1,1,0,0,169048.2252,13369049.11,8155310.102,809562.4544,14238303.9,885714.0714,0,209033.4869,401616.5889,4654672.137,17793025.83,0,0,0,0,40126947.5
OSPR-02,6.2,30.1,outer_reef,outer_reef,moderate_slope,2,1,49070427.03,0,19078.34655,224382.3473,7901083.028,16735100.91,3107945.349,1009322.716,2129817.776,0,477003.3642,4887435.043,5952676.418,0,0,0,0,79883669.73
OSPR-02,7.3,30.1,outer_reef,outer_reef,moderate_slope,2,2,2003020.098,0,0,1160179.519,3416101.992,850249.4274,4893301.396,318319.8991,4780823.258,6542986.558,343162.3074,1897863.673,5354836.424,277830.0069,0,0,0,12784387.46
OSPR-02,8.2,30.1,outer_reef,outer_reef,moderate_slope,2,2,2898115.704,0,414428.9009,549689.2692,4306887.182,2194707.78,2076408.954,626371.8084,4281122.959,964872.822,0,2818037.742,1835851.373,0,0,0,0,11785251.31
OSPR-02,9.4,30,outer_reef,outer_reef,moderate_slope,2,2,0,0,182955.0794,633958.9559,910420.4784,13252767.08,2257581.541,908702.2403,226819.6727,392991.4922,0,4379848.066,0,558186.0545,0,0,0,14797146.51
OSPR-02,12.7,30,outer_reef,outer_reef,moderate_slope,2,2,0,0,116458.1482,220356.4216,716608.4991,9305530.304,3003013.218,492782.5016,58351.00734,595214.4005,0,1661601.859,29051296.74,0,0,0,0,39293791.96
OSPR-02,14.1,29.9,outer_reef,outer_reef,steep_slope,3,2,2721025.202,0,79916.1628,74358.17108,325463.2696,1740041.185,0,51353.26111,0,0,0,1179126.502,2622168.857,0,0,0,0,7483056.685
OSPR-02,15.8,29.9,outer_reef,outer_reef,steep_slope,3,2,0,0,0,76657.43416,12888.93843,2684774.113,352856.8273,82868.69866,0,0,0,600100.0539,1194834.307,0,0,49703.58804,0,3969154.793
OSPR-02,17.1,29.8,outer_reef,outer_reef,wall,4,3,0,0,0,46333.07507,22566.22382,281304.6456,420007.0849,0,1467473.27,0,0,836267.2187,0,0,0,0,0,350203.9445
OSPR-02,18.2,29.7,outer_reef,outer_reef,wall,4,2,0,0,108952.7541,164051.4287,0,499044.9112,878050.8826,1455662.658,0,240424.7594,0,2949053.024,242997.3314,25540.89455,0,0,0,906093.6713
OSPR-02,21.4,29.7,outer_reef,outer_reef,moderate_slope,2,2,0,0,0,175219.2643,200918.9373,0,1688580.23,0,0,533889.4003,0,4765984.092,0,0,0,0,0,376138.2016
OSPR-02,23.1,29.7,outer_reef,outer_reef,wall,4,3,0,0,65461.35083,325532.5061,53245.46263,0,0,362923.9964,339999.9203,0,235231.6813,4983783.733,3533680.29,0,0,0,0,3912458.259
OSPR-02,24.9,29.7,outer_reef,outer_reef,steep_slope,3,3,299129.7122,0,52872.36932,0,76332.10329,0,116491.9554,43054.0966,0,0,0,1158787.017,5353612.795,0,0,0,0,5729074.61
OSPR-02,27.7,29.6,outer_reef,outer_reef,steep_slope,3,3,483277.532,0,0,0,81478.371,0,0,142997.7648,646881.3754,588801.1365,0,1129178.608,3428143.892,0,8493.461468,0,0,3992899.795
OSPR-02,28,29.5,outer_reef,outer_reef,steep_slope,3,2,0,0,0,0,246862.8631,0,700093.222,72740.59952,134241.793,907132.8315,0,1029761.953,0,0,0,0,0,246862.8631
OSPR-02,32.2,29.4,outer_reef,outer_reef,steep_slope,3,2,0,0,0,28545.44517,31833.82336,0,0,176603.6858,0,2087662.468,0,1424384.962,0,0,59447.70736,0,0,60379.26853
OSPR-02,33.2,29,outer_reef,outer_reef,steep_slope,3,3,0,0,24218.58462,152660.1785,41892.08959,0,186069.673,0,137026.1191,951769.6908,0,673943.6405,2657524.548,0,0,0,0,2852076.816
OSPR-02,35,29.5,outer_reef,outer_reef,steep_slope,3,3,0,0,0,56051.73794,0,0,0,175562.3895,0,105305.4996,3212086.583,765226.0278,0,0,0,0,0,56051.73794
OSPR-02,36.9,28.2,outer_reef,outer_reef,steep_slope,3,3,0,0,0,0,0,0,0,261846.4391,137026.1191,0,0,716142.3831,0,0,0,0,0,0
OSPR-02,38.1,29.1,outer_reef,outer_reef,steep_slope,3,3,0,0,0,220522.5148,0,0,6981094.691,958576.1524,262319.2556,83146322.42,0,2261804.677,847065.7335,0,0,0,0,1067588.248
OSPR-02,42.3,28.1,outer_reef,outer_reef,moderate_slope,2,3,0,0,183835.4864,2239.267103,160246.1049,4887913.416,524959.4839,566388.4381,0,61409.71541,0,2625557.298,2359969.907,0,0,0,0,7410368.695
OSPR-02,44.4,28.1,outer_reef,outer_reef,steep_slope,3,3,0,0,0,0,0,0,1393457.83,2716998.379,650139.1646,0,0,7709913.385,0,0,0,0,0,0
OSPR-02,44.8,28.1,outer_reef,outer_reef,wall,4,4,0,0,32353.88518,0,0,0,273437.4292,56332.28316,94718.74082,41498626,2190618.964,17338322.93,0,0,0,0,0,0
OSPR-02,47.7,28.3,outer_reef,outer_reef,steep_slope,3,3,343101.5694,0,215971.6536,0,0,874772.5758,476091.2835,1402264.179,0,1087282.903,1016350.137,8692615.655,3028561.572,0,5751.372772,0,0,4246435.717
OSPR-02,47.8,28.4,outer_reef,outer_reef,moderate_slope,2,4,0,0,0,4534.30578,110515.0283,0,0,117646.8268,0,1352116.431,0,2150095.662,0,0,39129.35045,0,0,115049.3341
OSPR-02,52.3,27.3,outer_reef,outer_reef,steep_slope,3,5,0,0,0,0,0,0,87582.14916,268850.6068,1472980.068,3303304.385,0,1909243.271,0,0,0,0,0,0
OSPR-02,54.6,27.1,outer_reef,outer_reef,wall,4,3,0,0,261555.6945,0,0,0,711148.2545,73880.02865,724471.5698,5590398.009,0,3204769.79,0,0,0,0,0,0
OSPR-02,59.8,26.7,outer_reef,outer_reef,wall,4,4,0,0,0,0,0,0,212671.043,123080.7919,163280.216,17598086.05,0,1648097.407,0,0,0,0,0,0
OSPR-02,61.4,26.6,outer_reef,outer_reef,steep_slope,3,4,0,0,0,0,75373.194,0,0,88325.84131,47847.05754,123165.0024,0,531015.6873,0,0,0,0,0,75373.194
OSPR-02,64.2,26.4,outer_reef,outer_reef,steep_slope,3,4,0,0,0,8441.010598,0,0,38435.08399,48835.29687,0,63959.53699,0,464488.7692,0,0,9978.711759,0,0,8441.010598
OSPR-02,68,26.3,outer_reef,outer_reef,steep_slope,3,4,0,0,0,0,0,5357584.405,0,88780.09129,0,26322.78504,0,293293.6632,0,0,0,0,0,5357584.405
OSPR-02,71.6,26.3,outer_reef,outer_reef,steep_slope,3,5,0,0,0,0,98288.53035,0,166579.7003,0,112428.9551,294749.1357,0,999421.9931,0,0,157400.0437,0,0,98288.53035
OSPR-02,74.4,26.3,outer_reef,outer_reef,steep_slope,3,4,0,0,0,0,0,0,0,0,70195.95826,0,0,286073.0296,0,0,0,0,0,0
OSPR-02,77.2,26.1,outer_reef,outer_reef,steep_slope,3,4,0,0,0,0,0,0,335152.7451,149030.904,0,39632.71656,0,228145.0138,0,0,21775.73725,0,0,0
OSPR-02,80.6,26.1,outer_reef,outer_reef,steep_slope,3,4,0,0,0,150309.5428,0,0,1864806.532,317309.8718,35512.29043,75936.86147,0,1577520.731,0,0,24464.5521,0,0,150309.5428
OSPR-02,84,26,outer_reef,outer_reef,wall,4,3,0,0,0,0,0,0,134027.9079,0,0,302781.0362,0,100441.3282,0,0,0,0,0,0
OSPR-02,87.6,25.4,outer_reef,outer_reef,wall,4,5,0,0,0,0,0,0,2602549.234,363113.1084,46213.39921,0,0,1030807.32,0,0,0,0,0,0
OSPR-02,90.6,25.4,outer_reef,outer_reef,wall,4,3,0,0,0,0,0,0,0,0,1122988.058,0,0,57443.25862,0,0,0,0,0,0
OSPR-02,94.1,25.2,outer_reef,outer_reef,wall,4,4,0,0,0,0,0,0,509494.2722,5646.32612,859371.4926,0,609636.4579,13495121.57,0,1591467.896,0,0,0,0
OSPR-02,97.2,25.6,outer_reef,outer_reef,wall,4,5,0,0,0,0,0,0,0,0,8793.890867,136949172,0,151946.3641,0,0,0,0,0,0
OSPR-03,6.4,29.9,outer_reef,outer_reef,moderate_slope,2,1,0,0,35017.80215,1851432.243,11214854.11,8644496.515,2075327.088,1425590.484,6400460.05,750203.726,364820.4677,5714975.923,5257277.697,43720.13324,0,0,0,26968060.57
OSPR-03,8.3,29.9,outer_reef,outer_reef,moderate_slope,2.5,1,719992.4031,0,66718.21655,785464.945,4804446.685,822036.7464,2237989.728,1403436.352,1370719.305,243686.9718,7502894.426,4731383.462,993770.665,0,0,0,0,8125711.445
OSPR-03,14.5,29.7,outer_reef,outer_reef,wall,4,2,0,0,441541.4956,318009.15,133383.0394,348067.3683,0,0,255932.1734,0,1191797.01,1871812.678,0,0,0,0,0,799459.5577
OSPR-03,18.1,29.7,outer_reef,outer_reef,steep_slope,3,2.5,0,0,88751.0397,193216.6139,0,736002.198,373270.5466,34007.47263,0,0,0,3598415.708,0,0,0,0,0,929218.8119
OSPR-03,24.4,29.5,outer_reef,outer_reef,steep_slope,3.5,3.5,0,0,0,140064.1393,93871.00459,0,508795.637,68014.94525,568811.0884,104071.464,0,2564288.158,0,0,0,0,0,233935.1439
OSPR-03,28.2,29.1,outer_reef,outer_reef,wall,4,3.5,0,0,159123.8888,230287.7474,430889.5463,0,444912.481,1748386.909,202754.8612,350892041.4,0,14482388.01,0,0,0,0,0,661177.2937
OSPR-03,34.3,28,outer_reef,outer_reef,steep_slope,3,3.5,0,0,120514.7779,0,73947.73259,0,496339.7777,331108.0159,404008.5657,520745.5628,20236160.14,2197549.472,154603.9915,0,0,0,0,228551.7241
OSPR-03,37.5,27.8,outer_reef,outer_reef,steep_slope,3,3.5,567045.523,0,101867.818,0,0,0,301784.0628,1345391.187,335945.9351,0,116835.7288,5719313.817,0,0,0,0,0,567045.523
OSPR-03,45.8,27.8,outer_reef,outer_reef,wall,4,3,0,0,0,3778.096699,0,0,97495.69744,995644.0978,44547.22384,55605959.92,0,8551639.887,0,0,0,0,0,3778.096699
OSPR-03,47.4,27.9,outer_reef,outer_reef,wall,4,3,0,0,0,0,0,0,10458546.03,0,0,1726797.825,0,5210685.816,0,0,0,0,0,0
OSPR-03,51,27.1,outer_reef,outer_reef,wall,4,3.5,0,0,0,0,0,0,736808.4815,1460589.664,0,0,0,1312393.348,0,0,0,0,0,0
OSPR-03,53.6,27,outer_reef,outer_reef,wall,4,3,0,0,0,0,0,0,312526.8746,850241.5051,0,0,0,1225481.88,0,0,0,0,0,0
OSPR-03,55.6,27.8,outer_reef,outer_reef,wall,4,3,0,0,0,0,29830.23666,0,95788.56287,219396.139,83465.37413,1451081.479,0,3515190.04,0,0,0,0,0,29830.23666
OSPR-03,55.7,28,outer_reef,outer_reef,steep_slope,3,3,0,0,0,19937.14106,0,0,230686.1566,1174998.82,7311679.875,778001701.5,0,1740788.133,0,0,0,0,0,19937.14106
OSPR-03,60.6,27.1,outer_reef,outer_reef,wall,4,3,0,0,0,1896353.98,0,0,95106.18066,1034671.811,181568.5789,3314157.681,0,5928100.963,0,0,0,0,0,1896353.98
OSPR-03,64.9,27.1,outer_reef,outer_reef,wall,4,3,0,0,0,0,0,7279723.228,1109690.452,228330.8115,635780.3159,6562997.457,98759.74642,7854763.181,212468.5861,0,0,0,0,7492191.814
OSPR-03,68.7,26.5,outer_reef,outer_reef,steep_slope,3,2.5,0,0,0,0,0,0,0,69206.41015,0,73288.61935,0,1427710.854,0,0,0,0,0,0
OSPR-03,70.5,26.4,outer_reef,outer_reef,steep_slope,3.5,3,0,0,0,0,0,0,568323.0124,758929.8491,2770.444935,0,0,1186893.956,0,0,0,0,0,0
OSPR-03,75.6,26.3,outer_reef,outer_reef,steep_slope,3,3,0,0,0,0,0,0,0,1957904.078,1064399.725,9167723.624,31862766.23,34063146.98,0,0,0,0,0,0
OSPR-03,78.1,26.3,outer_reef,outer_reef,steep_slope,3,3,0,0,0,27549.13539,0,0,280606.5477,200249.9041,173100.3391,1469072.091,0,4483956.724,0,0,0,0,0,27549.13539
OSPR-03,78.9,26.2,outer_reef,outer_reef,steep_slope,3.5,3,0,0,0,0,0,0,0,0,228409.689,147029.5664,0,908112.4,0,0,0,0,0,0
OSPR-03,81.1,25.7,outer_reef,outer_reef,steep_slope,3,3,0,0,0,51918.47173,0,0,301742.6772,809552.9489,4880.413794,80084.20159,0,1860491.771,0,0,0,0,0,51918.47173
OSPR-03,87.4,25.8,outer_reef,outer_reef,steep_slope,3,3,0,0,0,0,0,0,0,152081.4176,0,341465108.4,0,4250660.279,0,0,0,0,0,0
OSPR-03,88.2,26.1,outer_reef,outer_reef,wall,4,2.5,0,0,0,0,0,0,0,0,0,0,0,2845281.029,0,0,0,0,0,0
OSPR-03,91,25.2,outer_reef,outer_reef,wall,4,3,0,0,0,0,0,0,0,159311.494,2330971.571,13983517.67,0,2225768.827,0,0,0,0,0,0
OSPR-03,96.5,25.2,outer_reef,outer_reef,wall,4,2.5,0,0,0,0,0,0,0,0,161793.3427,665882688.9,0,1389075.468,3118563.079,0,0,0,0,3118563.079
SAUM-01,29.5,27.8,inner_reef,inner_reef,flat,0,1,3445597.624,0,0,9192682.556,0,0,1901668.348,782991.363,484661.7758,0,0,2162827.232,0,0,0,0,0,12638280.18
SAUM-01,29.6,27.8,inner_reef,inner_reef,flat,0,0,0,0,0,3353484.089,0,0,5266206.921,608308.2719,1336851.6,0,0,0,0,0,0,0,0,3353484.089
SAUM-01,29.6,27.8,inner_reef,inner_reef,flat,0,1,0,0,20701.02142,222840.0401,0,0,789544.5633,728109.3798,0,0,0,132347.2358,0,0,93862.49119,0,0,222840.0401
SAUM-01,29.6,27.9,inner_reef,inner_reef,flat,0,1,0,0,0,0,0,0,3153639.753,377728.1002,0,0,0,0,0,0,0,0,2102552.723,0
SAUM-01,29.8,27.8,inner_reef,inner_reef,flat,0,1,0,0,0,0,0,0,0,950599.3665,0,0,0,3520.797397,0,0,20331.1488,0,0,0
SAUM-01,29.9,27.8,inner_reef,inner_reef,flat,0,1,0,0,0,3712429.979,0,0,1824146.373,109951.3438,10872.97832,0,0,0,0,0,0,0,0,3712429.979
SAUM-02,19.6,27.4,lagoon,lagoon,flat,0,0,0,0,0,0,0,0,0,0,0,0,0,0,0,0,8103.432704,0,0,0
SAUM-02,20.4,27.4,lagoon,lagoon,flat,0,0,0,0,0,0,0,0,0,0,7241.620708,0,0,0,0,0,0,0,0,0
SAUM-02,21.1,27.5,lagoon,lagoon,flat,0,1,0,0,0,0,0,0,0,0,63534.86431,0,0,0,0,0,0,0,0,0
SAUM-02,21.5,27.4,lagoon,lagoon,flat,0,1,0,0,0,0,0,0,0,0,65597.00125,0,0,0,0,0,0,0,0,0
SAUM-02,22.2,27.5,lagoon,lagoon,flat,0,0,0,0,0,0,0,0,0,190610.674,0,0,0,0,0,0,0,0,0,0
SAUM-02,23.1,27.4,lagoon,lagoon,flat,0,0,0,0,0,0,0,0,0,0,0,454030772.3,0,0,0,0,2818479.446,0,0,0
SDIA-01,35.3,25.7,lagoon,lagoon,flat,0,1,0,0,0,0,0,0,0,0,0,0,0,0,0,0,0,0,0,0
SDIA-01,35.4,25.7,lagoon,lagoon,flat,0,1,0,0,0,0,0,0,0,0,0,0,0,0,0,0,0,0,0,0
SDIA-01,35.6,25.7,lagoon,lagoon,flat,0,2,0,0,0,0,0,0,0,0,0,0,0,0,0,0,0,0,0,0
SDIA-01,36.2,25.7,lagoon,lagoon,flat,0,2,0,0,0,0,0,0,0,0,0,0,0,0,0,0,0,0,0,0
SDIA-02,15.2,25.6,outer_reef,outer_reef,gentle_slope,1,2,0,0,0,0,0,0,0,0,0,0,0,0,0,0,0,0,0,0
SDIA-02,20,25.5,outer_reef,outer_reef,gentle_slope,1,3,0,0,0,0,0,0,0,0,0,0,0,0,0,0,0,0,0,0
SDIA-02,21.4,25.5,outer_reef,outer_reef,gentle_slope,1,3,0,0,0,0,0,0,0,0,0,0,0,0,0,0,0,0,0,0
SDIA-02,23.7,25.5,outer_reef,outer_reef,gentle_slope,1,3,0,0,0,0,0,0,0,0,0,0,0,0,0,0,0,0,0,0
SDIA-02,24.7,25.5,outer_reef,outer_reef,gentle_slope,1,3,0,0,0,0,0,0,0,0,0,0,0,0,0,0,0,0,0,0
SDIA-02,28.8,25.5,outer_reef,outer_reef,gentle_slope,1,3,0,0,0,0,0,0,0,0,0,0,0,0,0,0,0,0,0,0
SDIA-02,31.5,25.7,outer_reef,outer_reef,flat,0,2,0,0,0,0,0,0,0,0,0,0,0,0,0,0,0,0,0,0
SDIA-02,33.3,25.6,outer_reef,outer_reef,flat,0,2,0,0,0,0,0,0,0,0,0,0,0,0,0,0,0,0,0,0
SDIA-02,35.1,25.6,outer_reef,outer_reef,flat,0,2,0,0,0,0,0,0,0,0,0,0,0,0,0,0,0,0,0,0
SDIA-02,36,25.6,outer_reef,outer_reef,flat,0,3,0,0,0,0,0,0,0,0,0,0,0,0,0,0,0,0,0,0
SDIA-02,41.7,25.6,outer_reef,outer_reef,flat,0,3,0,0,0,0,0,0,0,0,0,0,0,0,0,0,0,0,0,0
SDIA-02,43.7,25.6,outer_reef,outer_reef,flat,0,3,0,0,0,0,0,0,0,0,0,0,0,0,0,0,0,0,0,0
SDIA-02,47.5,25.6,outer_reef,outer_reef,flat,0,3,0,0,0,0,0,0,0,0,0,0,0,0,0,0,0,0,0,0
SDIA-02,55,25.7,outer_reef,outer_reef,flat,0,1,0,0,0,0,0,0,0,0,0,0,0,0,0,0,0,0,0,0
SDIA-02,57.8,25.7,outer_reef,outer_reef,flat,0,1,0,0,0,0,0,0,0,0,0,0,0,0,0,0,0,0,0,0
SDIA-02,58.3,25.7,outer_reef,outer_reef,flat,0,1,0,0,0,0,0,0,0,0,0,0,0,0,0,0,0,0,0,0
SDIA-02,59.3,25.7,outer_reef,outer_reef,flat,0,1,0,0,0,0,0,0,0,0,0,0,0,0,0,0,0,0,0,0
SDIA-02,62.3,25.8,outer_reef,outer_reef,flat,0,1,0,0,0,0,0,0,0,0,0,0,0,0,0,0,0,0,0,0
SDIA-02,66.4,25.8,outer_reef,outer_reef,flat,0,0,0,0,0,0,0,0,0,0,0,0,0,0,0,0,0,0,0,0
SDIA-02,66.8,25.7,outer_reef,outer_reef,flat,0,0,0,0,0,0,0,0,0,0,0,0,0,0,0,0,0,0,0,0
SDIA-02,68.3,25.9,outer_reef,outer_reef,flat,0,1,0,0,0,0,0,0,0,0,0,0,0,0,0,0,0,0,0,0
SDIA-02,68.7,25.8,outer_reef,outer_reef,flat,0,0,0,0,0,0,0,0,0,0,0,0,0,0,0,0,0,0,0,0
SDIA-02,73.5,25.8,outer_reef,outer_reef,gentle_slope,1,1,0,0,0,0,0,0,0,0,0,0,0,0,0,0,0,0,0,0
SDIA-02,74.1,25.8,outer_reef,outer_reef,gentle_slope,1,0,0,0,0,0,0,0,0,0,0,0,0,0,0,0,0,0,0,0
SDIA-02,78.2,25.8,outer_reef,outer_reef,gentle_slope,1,3,0,0,0,0,0,0,0,0,0,0,0,0,0,0,0,0,0,0
SDIA-02,79,25.8,outer_reef,outer_reef,gentle_slope,1,3,0,0,0,0,0,0,0,0,0,0,0,0,0,0,0,0,0,0
SDIA-02,81.7,25.8,outer_reef,outer_reef,gentle_slope,1,3,0,0,0,0,0,0,0,0,0,0,0,0,0,0,0,0,0,0
SDIA-02,84.4,25.9,outer_reef,outer_reef,gentle_slope,1,3,0,0,0,0,0,0,0,0,0,0,0,0,0,0,0,0,0,0
SDIA-02,87,25.9,outer_reef,outer_reef,gentle_slope,1,3,0,0,0,0,0,0,0,0,0,0,0,0,0,0,0,0,0,0
SDIA-02,88.7,25.9,outer_reef,outer_reef,gentle_slope,1,3,0,0,0,0,0,0,0,0,0,0,0,0,0,0,0,0,0,0
SDIA-02,93.9,26,outer_reef,outer_reef,gentle_slope,1,3,0,0,0,0,0,0,0,0,0,0,0,0,0,0,0,0,0,0
SDIA-02,94.1,25.9,outer_reef,outer_reef,gentle_slope,1,3,0,0,0,0,0,0,0,0,0,0,0,0,0,0,0,0,0,0
SDIA-02,95.3,26,outer_reef,outer_reef,gentle_slope,1,3,0,0,0,0,0,0,0,0,0,0,0,0,0,0,0,0,0,0
SDIA-02,97.2,26,outer_reef,outer_reef,gentle_slope,1,3,0,0,0,0,0,0,0,0,0,0,0,0,0,0,0,0,0,0
SHAR-01,11,26,outer_reef,outer_reef,flat,0,1,0,0,0,0,0,0,0,0,0,0,0,0,0,0,0,0,0,0
SHAR-01,18,26,outer_reef,outer_reef,gentle_slope,1,1,0,0,0,0,0,0,0,0,0,0,0,0,0,0,0,0,0,0
SHAR-01,28,26.1,outer_reef,outer_reef,gentle_slope,1,3,0,0,0,0,0,0,0,0,0,0,0,0,0,0,0,0,0,0
SHAR-01,36,26.1,outer_reef,outer_reef,steep_slope,3,2,0,0,0,0,0,0,0,0,0,0,0,0,0,0,0,0,0,0
SHAR-01,44,25.9,outer_reef,outer_reef,wall,4,1,0,0,0,0,0,0,0,0,0,0,0,0,0,0,0,0,0,0
SHAR-01,53,25.6,outer_reef,outer_reef,moderate_slope,2,1,0,0,0,0,0,0,0,0,0,0,0,0,0,0,0,0,0,0
SHAR-01,64,25.7,outer_reef,outer_reef,gentle_slope,1,1,0,0,0,0,0,0,0,0,0,0,0,0,0,0,0,0,0,0
SHAR-01,77,25.7,outer_reef,outer_reef,moderate_slope,2,2,0,0,0,0,0,0,0,0,0,0,0,0,0,0,0,0,0,0
SHAR-01,85,25.4,outer_reef,outer_reef,wall,4,2,0,0,0,0,0,0,0,0,0,0,0,0,0,0,0,0,0,0
SHAR-01,92,25.5,outer_reef,outer_reef,wall,4,2,0,0,0,0,0,0,0,0,0,0,0,0,0,0,0,0,0,0
SWCA-01,11,25.9,outer_reef,outer_reef,steep_slope,3,2,0,0,0,0,0,0,0,0,0,0,0,0,0,0,0,0,0,0
SWCA-01,15.4,25.9,outer_reef,outer_reef,moderate_slope,2,2,0,0,0,0,0,0,0,0,0,0,0,0,0,0,0,0,0,0
SWCA-01,19.4,25.8,outer_reef,outer_reef,gentle_slope,1,1,0,0,0,0,0,0,0,0,0,0,0,0,0,0,0,0,0,0
SWCA-01,22.4,25.9,outer_reef,outer_reef,moderate_slope,2,1,0,0,0,0,0,0,0,0,0,0,0,0,0,0,0,0,0,0
SWCA-01,24.9,25.8,outer_reef,outer_reef,moderate_slope,2,1,0,0,0,0,0,0,0,0,0,0,0,0,0,0,0,0,0,0
SWCA-01,27.9,25.8,outer_reef,outer_reef,steep_slope,3,2,0,0,0,0,0,0,0,0,0,0,0,0,0,0,0,0,0,0
SWCA-01,32.1,25.7,outer_reef,outer_reef,steep_slope,3,2,0,0,0,0,0,0,0,0,0,0,0,0,0,0,0,0,0,0
SWCA-01,35,25.6,outer_reef,outer_reef,gentle_slope,1,2,0,0,0,0,0,0,0,0,0,0,0,0,0,0,0,0,0,0
SWCA-01,37.4,25.6,outer_reef,outer_reef,moderate_slope,2,2,0,0,0,0,0,0,0,0,0,0,0,0,0,0,0,0,0,0
SWCA-01,40.5,25.5,outer_reef,outer_reef,moderate_slope,2,3,0,0,0,0,0,0,0,0,0,0,0,0,0,0,0,0,0,0
SWCA-01,44.1,25.6,outer_reef,outer_reef,moderate_slope,2,2,0,0,0,0,0,0,0,0,0,0,0,0,0,0,0,0,0,0
SWCA-01,48.1,25.6,outer_reef,outer_reef,steep_slope,3,2,0,0,0,0,0,0,0,0,0,0,0,0,0,0,0,0,0,0
SWCA-01,52.4,25.5,outer_reef,outer_reef,gentle_slope,1,0,0,0,0,0,0,0,0,0,0,0,0,0,0,0,0,0,0,0
SWCA-01,55.1,25.5,outer_reef,outer_reef,gentle_slope,1,1,0,0,0,0,0,0,0,0,0,0,0,0,0,0,0,0,0,0
SWCA-01,58.2,25.5,outer_reef,outer_reef,gentle_slope,1,0,0,0,0,0,0,0,0,0,0,0,0,0,0,0,0,0,0,0
SWCA-01,61.2,25.5,outer_reef,outer_reef,flat,0,1,0,0,0,0,0,0,0,0,0,0,0,0,0,0,0,0,0,0
SWCA-01,64,25.5,outer_slope,outer_reef,flat,0,1,0,0,0,0,0,0,0,0,0,0,0,0,0,0,0,0,0,0
SWCA-01,68,25.5,outer_slope,outer_reef,flat,0,0,0,0,0,0,0,0,0,0,0,0,0,0,0,0,0,0,0,0
SWCA-01,71.4,25.5,outer_slope,outer_reef,flat,0,0,0,0,0,0,0,0,0,0,0,0,0,0,0,0,0,0,0,0
SWCA-01,74.6,25.5,outer_slope,outer_reef,flat,0,0,0,0,0,0,0,0,0,0,0,0,0,0,0,0,0,0,0,0
SWCA-01,77.3,25.5,outer_slope,outer_reef,flat,0,1,0,0,0,0,0,0,0,0,0,0,0,0,0,0,0,0,0,0
SWCA-01,81.6,25.5,outer_slope,outer_reef,flat,0,0,0,0,0,0,0,0,0,0,0,0,0,0,0,0,0,0,0,0
SWCA-01,83.8,25.5,outer_slope,outer_reef,flat,0,0,0,0,0,0,0,0,0,0,0,0,0,0,0,0,0,0,0,0
SWCA-01,86.5,25.4,outer_slope,outer_reef,flat,0,0,0,0,0,0,0,0,0,0,0,0,0,0,0,0,0,0,0,0
SWCA-01,91.6,24.9,outer_slope,outer_reef,flat,0,0,0,0,0,0,0,0,0,0,0,0,0,0,0,0,0,0,0,0
SWCA-01,94,24.9,outer_slope,outer_reef,flat,0,1,0,0,0,0,0,0,0,0,0,0,0,0,0,0,0,0,0,0
SWCA-01,97.4,24.6,outer_slope,outer_reef,flat,0,0,0,0,0,0,0,0,0,0,0,0,0,0,0,0,0,0,0,0
TURT-01,50,25.3,outer_reef,outer_reef,wall,4,1,0,0,0,0,0,0,0,0,0,0,0,0,0,0,0,0,0,0
TURT-01,61,25.4,outer_reef,outer_reef,wall,4,2,0,0,0,0,0,0,0,0,0,0,0,0,0,0,0,0,0,0
TURT-01,70,25.5,outer_reef,outer_reef,wall,4,1,0,0,0,0,0,0,0,0,0,0,0,0,0,0,0,0,0,0
TURT-01,90,25.6,outer_reef,outer_reef,wall,4,1,0,0,0,0,0,0,0,0,0,0,0,0,0,0,0,0,0,0
WILL-01,35.2,28,outer_reef,outer_reef,gentle_slope,1,3,0,0,92180.82783,1831483.863,646258.1493,0,8198880.433,544536.2341,365757.5707,1776124235,91745.13227,1982740.602,415286.516,0,0,0,0,2893028.528
WILL-01,40,27.3,outer_reef,outer_reef,steep_slope,3,3,0,0,38136.88396,197241.5894,0,0,164949.0497,373357.4773,28324.19332,0,26996063.76,168949.5059,0,0,0,0,0,197241.5894
WILL-01,42,27.8,outer_reef,outer_reef,steep_slope,3,3,0,0,215629.0954,924325.764,235598.2783,0,3592441.542,1578918.523,363731.8414,177960.435,0,4220359.356,2597560.589,0,221892.5072,0,0,3757484.631
WILL-01,42.3,27.6,outer_reef,outer_reef,gentle_slope,1,4,0,0,29903.31115,377634.4377,0,0,1240272.982,761698.6486,1274498.368,4377903.257,62735451.79,931741.1174,0,117473.708,79653.44355,0,0,377634.4377
WILL-01,43,27.4,outer_reef,outer_reef,steep_slope,3,3,0,0,0,122431.5835,91583.60576,0,15340397.4,366120.6289,155124.0669,1059107.289,0,2571604.49,0,0,31540.28105,0,0,214015.1893
WILL-01,44.1,27.2,outer_reef,outer_reef,steep_slope,3,2,0,0,0,96907.58202,0,0,745913.0946,1314771.745,841717.5227,0,0,6435299.866,586554.1788,0,27878.64767,0,0,683461.7608
WILL-01,44.4,27.7,outer_reef,outer_reef,gentle_slope,1,4,0,0,99792.73805,91654.52193,0,0,463063.0416,941957.5323,281607.4011,0,0,298899.3771,0,0,0,0,0,91654.52193
WILL-01,44.8,27.1,outer_reef,outer_reef,steep_slope,3,2,0,0,0,50488.35542,0,0,358705.965,0,13258.50847,0,0,391599.5473,0,0,639092.7471,0,0,50488.35542
WILL-01,50.1,27.2,outer_reef,outer_reef,steep_slope,3,3,0,0,0,547319.1231,103468.8848,0,814241.2261,1260817.966,472708.7831,0,501883614.3,551123.1132,0,76313.87507,13282.6337,1228210.237,0,650788.0079
WILL-01,50.4,27.2,outer_reef,outer_reef,steep_slope,3,3,0,0,161078.5599,0,812130.3023,1152236.241,6968214.385,1087837.944,812213.1766,199119091.4,0,1310594.103,308716.1538,0,0,0,0,2273082.697
WILL-01,51.5,27.7,outer_reef,outer_reef,steep_slope,3,3,0,0,0,75315.19874,278584.721,0,105104.4124,211330.2372,65049.70578,78609269.86,64741417.67,1655747.431,0,77684.29464,22923.59245,0,0,353899.9197
WILL-01,52.3,27.2,outer_reef,outer_reef,steep_slope,3,3,0,0,0,263550.1274,0,0,581320.4788,494549.3041,395710.7051,372150132.3,0,3773304.044,225524.4536,0,0,0,0,489074.581
WILL-01,60.1,26.9,outer_reef,outer_reef,steep_slope,3,1,0,0,0,0,0,0,0,527696.3308,0,270404887.4,287522925.6,15678.38674,0,0,0,0,0,0
WREC-01,31.5,27.7,outer_reef,outer_reef,gentle_slope,1,3,0,0,383517.9179,907737.8546,132364.5646,0,1060750.682,1480591,0,442610.7898,0,45360943.76,3127313.796,0,0,0,0,4167416.215
WREC-01,36.3,27.6,outer_reef,outer_reef,gentle_slope,1,3,0,0,0,1800935.778,1616780.877,0,2465044.142,9666.002508,0,0,7671872.165,8547458.2,478667.4736,0,0,0,0,3896384.129
WREC-01,36.5,27.6,outer_reef,outer_reef,gentle_slope,1,3,0,0,90310.76993,259355.286,1462563.47,0,504023.8264,209902.7637,226910.7588,0,0,2243143.783,2430786.066,0,83816.49747,0,0,4152704.822
