Site,Depth,Site_Depth,Diversity,Observed,Estimator,s.e.,LCL,UCL,Aspective_descriptive,Habitat_simplified
ASHM-01,31,ASHM-01_31,Species richness,11,13.55072464,5.595523649,11,24.51774946,moderate_slope,outer_slope
ASHM-01,37,ASHM-01_37,Species richness,6,6.62745098,2.851085904,6,12.21547667,gentle_slope,outer_slope
ASHM-01,38,ASHM-01_38,Species richness,4,5.714285714,2.061317313,4,9.754393409,gentle_slope,outer_slope
ASHM-01,43,ASHM-01_43,Species richness,3,3.416666667,1.307283404,3,5.978895057,moderate_slope,outer_slope
ASHM-01,49,ASHM-01_49,Species richness,1,1,0,1,1,flat,outer_slope
ASHM-02,37,ASHM-02_37,Species richness,6,16.71428571,5.979057107,6,28.43302231,wall,outer_slope
ASHM-02,65,ASHM-02_65,Species richness,1,1,0,1,1,gentle_slope,outer_slope
ASHM-04,17.5,ASHM-04_17.5,Species richness,2,2,0.337997669,2,2.662463258,gentle_slope,outer_slope
ASHM-04,20,ASHM-04_20,Species richness,3,3,0.567105167,3,4.111505702,gentle_slope,outer_slope
ASHM-04,32,ASHM-04_32,Species richness,5,5.458333333,2.295612665,5,9.95765148,moderate_slope,outer_slope
ASHM-04,38,ASHM-04_38,Species richness,4,4,0.753442582,4,5.476720325,steep_slope,outer_slope
ASHM-04,42,ASHM-04_42,Species richness,7,16.23076923,6.118157232,7,28.22213706,steep_slope,outer_slope
ASHM-04,45,ASHM-04_45,Species richness,8,15.52941176,7.921270739,8,31.05481713,steep_slope,outer_slope
ASHM-04,52,ASHM-04_52,Species richness,2,2,0.272659924,2,2.534403632,moderate_slope,outer_slope
BETT-01,12.6,BETT-01_12.6,Species richness,3,3.8,1.555569986,3,6.848861147,moderate_slope,outer_slope
BETT-01,21.1,BETT-01_21.1,Species richness,2,2,0.498887652,2,2.977801829,flat,outer_slope
BETT-01,32.3,BETT-01_32.3,Species richness,2,2.333333333,1.094830215,2,4.479161123,flat,outer_slope
BETT-01,40.4,BETT-01_40.4,Species richness,2,2,0.337997669,2,2.662463258,steep_slope,outer_slope
BETT-01,8.2,BETT-01_8.2,Species richness,3,3.888888889,0.827950441,3,5.511641934,steep_slope,outer_slope
BETT-01,8.3,BETT-01_8.3,Species richness,11,28.58139535,12.20092097,11,52.49476102,steep_slope,outer_slope
BOOT-01,57,BOOT-01_57,Species richness,2,2.333333333,1.286657769,2,4.855136222,steep_slope,outer_slope
BOOT-01,67,BOOT-01_67,Species richness,2,2,0.440844002,2,2.864038367,moderate_slope,outer_slope
BOUG-01,12.5,BOUG-01_12.5,Species richness,3,3.958333333,0.704545353,3,5.33921685,moderate_slope,outer_slope
BOUG-01,13.8,BOUG-01_13.8,Species richness,8,26.9,10.87372315,8,48.21210574,moderate_slope,outer_slope
BOUG-01,17.6,BOUG-01_17.6,Species richness,2,2,0.272659924,2,2.534403632,moderate_slope,outer_slope
BOUG-01,20.3,BOUG-01_20.3,Species richness,1,1,0,1,1,moderate_slope,outer_slope
BOUG-01,22.3,BOUG-01_22.3,Species richness,1,1,0,1,1,moderate_slope,outer_slope
BOUG-01,28.5,BOUG-01_28.5,Species richness,1,1,0,1,1,moderate_slope,outer_slope
BOUG-01,3.6,BOUG-01_3.6,Species richness,15,16.48965517,3.541046542,15,23.42997886,steep_slope,outer_slope
BOUG-01,35.1,BOUG-01_35.1,Species richness,3,3.833333333,1.014718769,3,5.822145576,steep_slope,outer_slope
BOUG-01,36.4,BOUG-01_36.4,Species richness,2,2.333333333,1.1483849,2,4.584126378,steep_slope,outer_slope
BOUG-01,45.5,BOUG-01_45.5,Species richness,2,2.5,0.719058728,2,3.90932921,steep_slope,outer_slope
BOUG-01,5.5,BOUG-01_5.5,Species richness,7,20.84615385,7.375067116,7,35.30101978,wall,outer_slope
BOUG-01,54.7,BOUG-01_54.7,Species richness,1,1,0,1,1,wall,outer_slope
BOUG-01,57.2,BOUG-01_57.2,Species richness,1,1,0,1,1,wall,outer_slope
BOUG-01,57.8,BOUG-01_57.8,Species richness,2,2.5,0.714142843,2,3.899694252,wall,outer_slope
BOUG-01,58.1,BOUG-01_58.1,Species richness,3,3.833333333,1.160327596,3,6.107533631,wall,outer_slope
BOUG-01,65,BOUG-01_65,Species richness,1,1,0,1,1,wall,outer_slope
BOUG-01,66.3,BOUG-01_66.3,Species richness,3,4.5,2.128895716,3,8.67255893,wall,outer_slope
BOUG-01,66.7,BOUG-01_66.7,Species richness,2,2.5,0.703239258,2,3.878323619,wall,outer_slope
BOUG-01,67.8,BOUG-01_67.8,Species richness,1,1,0,1,1,wall,outer_slope
BOUG-01,7.5,BOUG-01_7.5,Species richness,10,11.44,5.209422717,10,21.65028091,wall,outer_slope
BOUG-01,76.4,BOUG-01_76.4,Species richness,1,1,0,1,1,steep_slope,outer_slope
BOUG-01,81.9,BOUG-01_81.9,Species richness,1,1,0,1,1,steep_slope,outer_slope
BOUG-01,85.7,BOUG-01_85.7,Species richness,1,1,0,1,1,wall,outer_slope
BOUG-01,9.3,BOUG-01_9.3,Species richness,8,17.62962963,6.55861045,8,30.4842699,wall,outer_slope
BOUG-02,13.4,BOUG-02_13.4,Species richness,6,13.11111111,6.475001956,6,25.80188174,wall,outer_slope
BOUG-02,15.4,BOUG-02_15.4,Species richness,3,5,1.428961306,3,7.800712696,wall,outer_slope
BOUG-02,22.3,BOUG-02_22.3,Species richness,7,18.25,7.524538041,7,32.99782356,wall,outer_slope
BOUG-02,24.2,BOUG-02_24.2,Species richness,2,2.5,0.714142843,2,3.899694252,wall,outer_slope
BOUG-02,24.8,BOUG-02_24.8,Species richness,3,5,1.345066222,3,7.636281353,steep_slope,outer_slope
BOUG-02,27.3,BOUG-02_27.3,Species richness,4,6.5,2.646949942,4,11.68792656,wall,outer_slope
BOUG-02,28.4,BOUG-02_28.4,Species richness,4,8.5,2.262205949,4.066157814,12.93384219,wall,outer_slope
BOUG-02,31.1,BOUG-02_31.1,Species richness,11,45.10526316,19.31287522,11,82.95780303,moderate_slope,outer_slope
BOUG-02,32.5,BOUG-02_32.5,Species richness,5,5.933333333,2.106269275,5,10.06154525,steep_slope,outer_slope
BOUG-02,33.1,BOUG-02_33.1,Species richness,1,1,0,1,1,wall,outer_slope
BOUG-02,44.9,BOUG-02_44.9,Species richness,1,1,0,1,1,wall,outer_slope
BOUG-02,45,BOUG-02_45,Species richness,1,1,0,1,1,moderate_slope,outer_slope
BOUG-02,45.8,BOUG-02_45.8,Species richness,2,2.333333333,1.220770488,2,4.725999523,steep_slope,outer_slope
BOUG-02,47.6,BOUG-02_47.6,Species richness,1,1,0,1,1,steep_slope,outer_slope
BOUG-02,52.1,BOUG-02_52.1,Species richness,3,4.5,2.090043738,3,8.596410453,steep_slope,outer_slope
BOUG-02,53.6,BOUG-02_53.6,Species richness,3,5,1.367836405,3,7.680910091,moderate_slope,outer_slope
BOUG-02,55.3,BOUG-02_55.3,Species richness,7,14.42857143,5.594921125,7,25.39441533,moderate_slope,outer_slope
BOUG-02,57.7,BOUG-02_57.7,Species richness,1,1,0,1,1,moderate_slope,outer_slope
BOUG-02,58.4,BOUG-02_58.4,Species richness,1,1,0,1,1,moderate_slope,outer_slope
BOUG-02,63,BOUG-02_63,Species richness,1,1,0,1,1,wall,outer_slope
BOUG-02,64.5,BOUG-02_64.5,Species richness,2,2,0.472581563,2,2.926242843,steep_slope,outer_slope
BOUG-02,67.1,BOUG-02_67.1,Species richness,4,7.6,2.935189495,4,13.3528657,steep_slope,outer_slope
BOUG-02,9.8,BOUG-02_9.8,Species richness,3,5,1.358351149,3,7.662319331,steep_slope,outer_slope
EDIA-01,10,EDIA-01_10,Species richness,3,3,0.679123416,3,4.331057436,wall,lagoon
EDIA-01,15,EDIA-01_15,Species richness,2,2.333333333,1.241555087,2,4.766736589,moderate_slope,lagoon
EDIA-01,19,EDIA-01_19,Species richness,3,5,1.353384584,3,7.652585041,wall,lagoon
EDIA-01,21,EDIA-01_21,Species richness,6,11.57142857,4.493688663,6,20.37889651,moderate_slope,lagoon
EDIA-01,25,EDIA-01_25,Species richness,3,3.857142857,1.044639604,3,5.904598858,gentle_slope,lagoon
EDIA-01,26,EDIA-01_26,Species richness,4,5.833333333,2.2955008,4,10.33243223,moderate_slope,lagoon
EDIA-01,32,EDIA-01_32,Species richness,10,18.60869565,10.0717445,10,38.34895214,gentle_slope,lagoon
EDIA-01,38,EDIA-01_38,Species richness,4,4.947368421,0.573674456,4,6.071749693,gentle_slope,lagoon
EDIA-01,39,EDIA-01_39,Species richness,5,7.769230769,2.204724173,5,12.09041074,gentle_slope,lagoon
EDIA-01,45,EDIA-01_45,Species richness,6,6.238636364,1.940946708,6,10.04282201,gentle_slope,lagoon
EDIA-01,48,EDIA-01_48,Species richness,6,6,0.751514869,6,7.472942076,flat,lagoon
EDIA-01,50,EDIA-01_50,Species richness,2,2,0.460566186,2,2.902693138,flat,lagoon
EDIA-02,15.2,EDIA-02_15.2,Species richness,6,6.928571429,2.526022015,6,11.8794836,moderate_slope,inner_reef
EDIA-02,15.4,EDIA-02_15.4,Species richness,7,14.33333333,6.956858713,7,27.96852586,moderate_slope,inner_reef
EDIA-02,19.1,EDIA-02_19.1,Species richness,4,7.6,3.136987553,4,13.74838262,gentle_slope,inner_reef
EDIA-02,20,EDIA-02_20,Species richness,6,8.025,3.884621803,6,15.63871883,gentle_slope,inner_reef
EDIA-02,24.2,EDIA-02_24.2,Species richness,3,3.875,0.869739553,3,5.579658201,gentle_slope,inner_reef
EDIA-02,25,EDIA-02_25,Species richness,5,9.05,4.561270112,5,17.98992514,steep_slope,inner_reef
EDIA-02,30.9,EDIA-02_30.9,Species richness,3,4.5,1.916989433,3,8.257230247,flat,inner_reef
EDIA-02,8.7,EDIA-02_8.7,Species richness,3,3.4375,1.252805367,3,5.892953399,flat,inner_reef
EDIA-02,9,EDIA-02_9,Species richness,5,9.21875,4.027369946,5,17.11225005,flat,inner_reef
EDNA-01,14,EDNA-01_14,Species richness,1,1,0,1,1,flat,inner_reef
EDNA-01,19.1,EDNA-01_19.1,Species richness,1,1,0,1,1,flat,inner_reef
EDNA-01,26.7,EDNA-01_26.7,Species richness,4,4.472222222,1.263717559,4,6.949063125,flat,inner_reef
EDNA-01,39,EDNA-01_39,Species richness,9,18.47368421,8.472502167,9,35.07948332,flat,inner_reef
EDNA-01,48,EDNA-01_48,Species richness,2,2.333333333,1.319796604,2,4.920087144,flat,inner_reef
EDNA-01,79,EDNA-01_79,Species richness,5,5.888888889,2.794785196,5,11.36656722,flat,inner_reef
EDNA-01,9.8,EDNA-01_9.8,Species richness,5,5,0.733720925,5,6.438066589,flat,outer_slope
FLIN-01,15.3,FLIN-01_15.3,Species richness,3,4.5,2.105134416,3,8.625987638,moderate_slope,outer_slope
FLIN-01,20.4,FLIN-01_20.4,Species richness,3,3.8,1.674829706,3,7.082605905,moderate_slope,outer_slope
FLIN-01,25.3,FLIN-01_25.3,Species richness,2,2,0.45126086,2,2.884455033,moderate_slope,outer_slope
FLIN-01,30.2,FLIN-01_30.2,Species richness,3,3.428571429,1.221210203,3,5.822099444,moderate_slope,outer_slope
FLIN-01,34.3,FLIN-01_34.3,Species richness,4,8.5,2.173648425,4.239727372,12.76027263,moderate_slope,outer_slope
FLIN-01,35.2,FLIN-01_35.2,Species richness,4,7.6,3.385088513,4,14.23465157,wall,outer_slope
FLIN-01,35.6,FLIN-01_35.6,Species richness,6,7.333333333,4.014664943,6,15.20193203,steep_slope,outer_slope
FLIN-01,37.1,FLIN-01_37.1,Species richness,4,6.5,2.816241775,4,12.01973245,wall,outer_slope
FLIN-01,41.5,FLIN-01_41.5,Species richness,3,5,1.292297826,3,7.532857195,steep_slope,outer_slope
FLIN-01,42.1,FLIN-01_42.1,Species richness,1,1,0,1,1,wall,outer_slope
FLIN-01,45.2,FLIN-01_45.2,Species richness,1,1,0,1,1,wall,outer_slope
FLIN-01,45.7,FLIN-01_45.7,Species richness,1,1,0,1,1,gentle_slope,outer_slope
FLIN-01,5.2,FLIN-01_5.2,Species richness,3,3.857142857,0.995843764,3,5.80896077,gentle_slope,outer_slope
FLIN-01,67.1,FLIN-01_67.1,Species richness,1,1,0,1,1,gentle_slope,outer_slope
FLIN-01,9.9,FLIN-01_9.9,Species richness,4,5.75,2.425086874,4,10.50308293,gentle_slope,outer_slope
FLIN-02,40,FLIN-02_40,Species richness,1,1,0,1,1,flat,lagoon
FLIN-02,41.5,FLIN-02_41.5,Species richness,1,1,0,1,1,flat,lagoon
FLIN-02,43.3,FLIN-02_43.3,Species richness,3,3.45,1.230037031,3,5.860828281,flat,lagoon
FLIN-02,44,FLIN-02_44,Species richness,3,4.5,2.18129676,3,8.775263089,flat,lagoon
FLIN-04,17.4,FLIN-04_17.4,Species richness,1,1,0,1,1,flat,lagoon
FLIN-04,18.8,FLIN-04_18.8,Species richness,4,4.954545455,0.772043532,4,6.467722971,gentle_slope,lagoon
FLIN-04,34.1,FLIN-04_34.1,Species richness,3,3.416666667,1.323542546,3,6.010762389,flat,lagoon
FRAN-01,14,FRAN-01_14,Species richness,4,6.75,1.925662571,4,10.52422929,moderate_slope,outer_slope
FRAN-01,25,FRAN-01_25,Species richness,8,9.4,4.072803423,8,17.38254803,moderate_slope,outer_slope
FRAN-01,35,FRAN-01_35,Species richness,6,18.5,5.282837221,8.14582931,28.85417069,steep_slope,outer_slope
FRAN-01,8,FRAN-01_8,Species richness,2,2.333333333,1.383305951,2,5.044563177,steep_slope,outer_slope
FRED-01,34.8,FRED-01_34.8,Species richness,3,3,0.635682384,3,4.245914577,gentle_slope,inner_reef
FRED-02,24,FRED-02_24,Species richness,1,1,0,1,1,gentle_slope,lagoon
GEOR-01,32.6,GEOR-01_32.6,Species richness,2,2,0.287623491,2,2.563731684,gentle_slope,outer_slope
GEOR-01,36.2,GEOR-01_36.2,Species richness,4,5.714285714,1.886045901,4,9.410867753,moderate_slope,outer_slope
GEOR-01,41.2,GEOR-01_41.2,Species richness,1,1,0,1,1,steep_slope,outer_slope
GEOR-01,51.4,GEOR-01_51.4,Species richness,2,2,0.368452949,2,2.72215451,moderate_slope,outer_slope
HERA-01,35.3,HERA-01_35.3,Species richness,1,1,0,1,1,flat,passage
HERA-01,37.1,HERA-01_37.1,Species richness,9,9.642857143,2.970086948,9,15.46412059,gentle_slope,passage
HERA-01,40.4,HERA-01_40.4,Species richness,8,8.241071429,2.484750822,8,13.11109355,gentle_slope,passage
HERA-01,40.5,HERA-01_40.5,Species richness,8,8.641975309,2.190206427,8,12.93470102,gentle_slope,passage
HERA-01,41.7,HERA-01_41.7,Species richness,9,16.66666667,7.61566789,9,31.59310145,gentle_slope,passage
HERA-01,43.5,HERA-01_43.5,Species richness,3,3,0.569029646,3,4.115277611,gentle_slope,passage
HERA-01,43.8,HERA-01_43.8,Species richness,5,7.727272727,2.56474131,5,12.75407332,gentle_slope,passage
HERM-01,10.2,HERM-01_10.2,Species richness,6,15,4.620904486,6,24.05680637,moderate_slope,lagoon
HERM-01,13.5,HERM-01_13.5,Species richness,6,6.115384615,2.406784032,6,10.83259464,moderate_slope,lagoon
HERM-01,14.1,HERM-01_14.1,Species richness,4,7.6,2.957374621,4,13.39634775,moderate_slope,lagoon
HERM-01,15.2,HERM-01_15.2,Species richness,4,4.9,1.589380716,4,8.015128961,moderate_slope,lagoon
HERM-01,21.1,HERM-01_21.1,Species richness,2,2,0.326598632,2,2.640121557,flat,lagoon
HERM-01,22,HERM-01_22,Species richness,3,3.8,1.596177251,3,6.928449926,flat,lagoon
HERM-01,23.7,HERM-01_23.7,Species richness,1,1,0,1,1,gentle_slope,lagoon
HERM-01,30.1,HERM-01_30.1,Species richness,8,29.77777778,11.46672077,8,52.25213751,flat,lagoon
HERM-01,30.3,HERM-01_30.3,Species richness,8,12.3125,4.90495654,8,21.92603816,flat,lagoon
HERM-01,31,HERM-01_31,Species richness,8,8.470588235,3.153761362,8,14.65184692,flat,lagoon
HERM-01,33.2,HERM-01_33.2,Species richness,1,1,0,1,1,flat,lagoon
HERM-01,38.7,HERM-01_38.7,Species richness,1,1,0,1,1,flat,lagoon
HERM-01,40.2,HERM-01_40.2,Species richness,2,2.5,0.727854881,2,3.926569352,flat,lagoon
HERM-01,41.2,HERM-01_41.2,Species richness,3,3,0.615869901,3,4.207082825,flat,lagoon
HERM-01,42.5,HERM-01_42.5,Species richness,3,3.416666667,1.247447169,3,5.86161819,flat,lagoon
HERM-01,46.2,HERM-01_46.2,Species richness,5,5,0.957509527,5,6.876684188,flat,lagoon
HERM-01,46.4,HERM-01_46.4,Species richness,1,1,0,1,1,flat,lagoon
HERM-01,46.6,HERM-01_46.6,Species richness,4,5.833333333,2.21853066,4,10.18157352,flat,lagoon
HERM-01,46.8,HERM-01_46.8,Species richness,2,2,0.326598632,2,2.640121557,flat,lagoon
HERM-01,47.1,HERM-01_47.1,Species richness,2,2.5,0.69084928,2,3.854039707,flat,lagoon
HERM-01,47.7,HERM-01_47.7,Species richness,4,7.6,3.146884944,4,13.76778115,flat,lagoon
HERM-01,47.9,HERM-01_47.9,Species richness,2,2,0.2564324,2,2.502598268,flat,lagoon
HERM-01,48.1,HERM-01_48.1,Species richness,2,2,0.460566186,2,2.902693138,flat,lagoon
HOLM-01,34.7,HOLM-01_34.7,Species richness,3,4.5,2.10345435,3,8.622694769,gentle_slope,outer_slope
HOLM-01,36,HOLM-01_36,Species richness,5,5.46875,1.707251164,5,8.814900795,moderate_slope,outer_slope
HOLM-01,36.8,HOLM-01_36.8,Species richness,4,5.75,2.181397723,4,10.02546097,moderate_slope,outer_slope
HOLM-01,42.5,HOLM-01_42.5,Species richness,3,3,0.588552935,3,4.153542556,moderate_slope,outer_slope
HOLM-01,43,HOLM-01_43,Species richness,2,2.5,0.719058728,2,3.90932921,moderate_slope,outer_slope
HOLM-01,46.4,HOLM-01_46.4,Species richness,3,3,0.376276343,3,3.73748808,moderate_slope,outer_slope
HOLM-01,51,HOLM-01_51,Species richness,5,6.818181818,2.738556666,5,12.18565425,steep_slope,outer_slope
HOLM-01,52.4,HOLM-01_52.4,Species richness,1,1,0,1,1,steep_slope,outer_slope
HOLM-01,55,HOLM-01_55,Species richness,4,4.142857143,1.814486246,4,7.699184836,steep_slope,outer_slope
HOLM-02,28,HOLM-02_28,Species richness,10,13.80952381,5.600871614,10,24.78703045,gentle_slope,outer_slope
HOLM-02,31.2,HOLM-02_31.2,Species richness,4,4.833333333,1.974346381,4,8.702981132,gentle_slope,outer_slope
HOLM-02,35,HOLM-02_35,Species richness,12,50.25,21.87862451,12,93.13131607,gentle_slope,outer_slope
HOLM-02,37,HOLM-02_37,Species richness,6,10.15384615,3.966340584,6,17.92773085,gentle_slope,outer_slope
HOLM-02,45,HOLM-02_45,Species richness,2,2.5,0.75,2,3.969972988,wall,outer_slope
HOLM-02,54.5,HOLM-02_54.5,Species richness,3,5,1.386094158,3,7.716694629,steep_slope,outer_slope
HOLM-02,56.6,HOLM-02_56.6,Species richness,1,1,0,1,1,steep_slope,outer_slope
HOLM-02,62.7,HOLM-02_62.7,Species richness,2,2.5,0.741466606,2,3.953247843,steep_slope,outer_slope
HOLM-02,63.2,HOLM-02_63.2,Species richness,2,2,0.358870281,2,2.703372826,steep_slope,outer_slope
HOLM-02,63.7,HOLM-02_63.7,Species richness,2,2,0.272659924,2,2.534403632,steep_slope,outer_slope
HOLM-03,12.6,HOLM-03_12.6,Species richness,6,8.8,3.11127842,6,14.89799365,steep_slope,outer_slope
HOLM-03,18.2,HOLM-03_18.2,Species richness,4,4,0.567805097,4,5.112877541,steep_slope,outer_slope
HOLM-03,2.3,HOLM-03_2.3,Species richness,7,12.89655172,4.661277603,7,22.03248795,gentle_slope,outer_slope
HOLM-03,22.4,HOLM-03_22.4,Species richness,3,3.8,1.148164983,3,6.050362015,gentle_slope,outer_slope
HOLM-03,27.3,HOLM-03_27.3,Species richness,3,3.416666667,1.41551721,3,6.191029419,gentle_slope,outer_slope
HOLM-03,32.2,HOLM-03_32.2,Species richness,1,1,0,1,1,gentle_slope,outer_slope
HOLM-03,41.6,HOLM-03_41.6,Species richness,1,1,0,1,1,gentle_slope,outer_slope
HOLM-03,46.8,HOLM-03_46.8,Species richness,1,1,0,1,1,gentle_slope,outer_slope
HOLM-03,57.1,HOLM-03_57.1,Species richness,1,1,0,1,1,gentle_slope,outer_slope
HOLM-03,61.6,HOLM-03_61.6,Species richness,1,1,0,1,1,gentle_slope,outer_slope
HOLM-03,9.6,HOLM-03_9.6,Species richness,6,7.882352941,2.621125424,6,13.01966437,gentle_slope,outer_slope
HOLM-04,12,HOLM-04_12,Species richness,5,6.928571429,2.741587835,5,12.30198484,moderate_slope,outer_slope
HOLM-04,17,HOLM-04_17,Species richness,10,27.25,10.53104443,10,47.89046781,gentle_slope,outer_slope
HOLM-04,22,HOLM-04_22,Species richness,7,10.73333333,6.497563218,7,23.46832323,gentle_slope,outer_slope
HOLM-04,28,HOLM-04_28,Species richness,3,3.8,1.586736693,3,6.909946771,gentle_slope,outer_slope
HOLM-04,3,HOLM-04_3,Species richness,4,6.5,2.433022413,4,11.2686363,gentle_slope,outer_slope
HOLM-04,32,HOLM-04_32,Species richness,8,19.53846154,8.302762646,8,35.8115773,gentle_slope,outer_slope
HOLM-04,37,HOLM-04_37,Species richness,3,3,0.511485816,3,4.002493778,gentle_slope,outer_slope
HOLM-04,41,HOLM-04_41,Species richness,2,2.333333333,1.104708828,2,4.498522849,gentle_slope,outer_slope
HOLM-04,7,HOLM-04_7,Species richness,2,2.333333333,1.2,2,4.685290115,gentle_slope,outer_slope
HOLM-04,71,HOLM-04_71,Species richness,1,1,0,1,1,wall,outer_slope
HSUP-01,13.7,HSUP-01_13.7,Species richness,12,13.46052632,4.241352472,12,21.77342441,steep_slope,outer_slope
HSUP-01,18.6,HSUP-01_18.6,Species richness,8,13.75,4.920204882,8,23.39342436,moderate_slope,outer_slope
HSUP-01,28.4,HSUP-01_28.4,Species richness,9,11.2,5.385850401,9,21.75607281,gentle_slope,outer_slope
HSUP-01,39.6,HSUP-01_39.6,Species richness,5,5.476190476,1.518575366,5,8.452543501,steep_slope,outer_slope
HSUP-01,47.6,HSUP-01_47.6,Species richness,5,5.888888889,2.715081222,5,11.2103503,steep_slope,outer_slope
HSUP-01,55.5,HSUP-01_55.5,Species richness,3,4.5,1.754186911,3,7.938143167,steep_slope,outer_slope
HSUP-01,61.3,HSUP-01_61.3,Species richness,2,2.5,0.669294065,2,3.811792262,steep_slope,outer_slope
HSUP-01,9.6,HSUP-01_9.6,Species richness,10,13.87096774,6.511400636,10,26.63307848,steep_slope,outer_slope
JULI-01,28,JULI-01_28,Species richness,2,2,0.314466038,2,2.616342108,gentle_slope,outer_slope
JULI-01,34.9,JULI-01_34.9,Species richness,6,8.863636364,2.177816468,6,13.1320782,gentle_slope,outer_slope
JULI-01,68,JULI-01_68,Species richness,1,1,0,1,1,flat,outer_slope
JULI-01,98,JULI-01_98,Species richness,1,1,0,1,1,steep_slope,outer_slope
JULI-02,35.4,JULI-02_35.4,Species richness,6,13.11111111,6.164755773,6,25.1938104,moderate_slope,outer_slope
JULI-02,47.6,JULI-02_47.6,Species richness,5,5,0.781050732,5,6.530831305,gentle_slope,outer_slope
JULI-02,59.1,JULI-02_59.1,Species richness,1,1,0,1,1,gentle_slope,outer_slope
JULI-02,67.1,JULI-02_67.1,Species richness,4,4.21875,1.843376046,4,7.83170066,moderate_slope,outer_slope
JULI-02,77,JULI-02_77,Species richness,2,2,0.272659924,2,2.534403632,moderate_slope,outer_slope
JULI-02,86.4,JULI-02_86.4,Species richness,1,1,0,1,1,moderate_slope,outer_slope
JULI-02,94.2,JULI-02_94.2,Species richness,1,1,0,1,1,moderate_slope,outer_slope
KENN-01,31.1,KENN-01_31.1,Species richness,7,18.25,8.263089077,7,34.44535699,steep_slope,outer_slope
KENN-01,31.4,KENN-01_31.4,Species richness,11,13.19642857,4.729678202,11,22.46642751,gentle_slope,outer_slope
KENN-01,32.3,KENN-01_32.3,Species richness,4,5.75,2.261693828,4,10.18283845,gentle_slope,outer_slope
KENN-01,40.8,KENN-01_40.8,Species richness,6,10.125,5.160765351,6,20.23991422,steep_slope,outer_slope
KENN-02,20,KENN-02_20,Species richness,1,1,0,1,1,gentle_slope,lagoon
LORN-01,27,LORN-01_27,Species richness,4,5.8,1.952165513,4,9.626174097,flat,outer_slope
LORN-01,31.7,LORN-01_31.7,Species richness,1,1,0,1,1,flat,outer_slope
LORN-01,32.5,LORN-01_32.5,Species richness,4,5.714285714,2.219785099,4,10.06498456,flat,outer_slope
LORN-01,34,LORN-01_34,Species richness,4,4,0.816182839,4,5.599688969,flat,outer_slope
LORN-01,36.5,LORN-01_36.5,Species richness,2,2.333333333,1.187363318,2,4.660522674,flat,outer_slope
LORN-01,4,LORN-01_4,Species richness,4,5.714285714,2.280998359,4,10.18496035,flat,outer_slope
LORN-01,40,LORN-01_40,Species richness,6,6.15625,2.350347427,6,10.76284631,gentle_slope,outer_slope
LORN-01,44.8,LORN-01_44.8,Species richness,5,5.909090909,2.252689939,5,10.32428206,gentle_slope,outer_slope
LORN-01,45.1,LORN-01_45.1,Species richness,3,3,0.272659924,3,3.534403632,flat,outer_slope
LORN-01,46,LORN-01_46,Species richness,1,1,0,1,1,steep_slope,outer_slope
LORN-01,55.2,LORN-01_55.2,Species richness,3,5,1.346467299,3,7.639027412,steep_slope,outer_slope
LORN-01,55.6,LORN-01_55.6,Species richness,2,2.5,0.727854881,2,3.926569352,steep_slope,outer_slope
LORN-01,9,LORN-01_9,Species richness,5,10.14285714,3.179000733,5,16.37358409,steep_slope,outer_slope
LORN-02,15,LORN-02_15,Species richness,7,7.122222222,2.628966093,7,12.27490108,steep_slope,outer_slope
LORN-02,7,LORN-02_7,Species richness,8,10.46153846,5.298574452,8,20.84655356,flat,lagoon
MARG-01,17.3,MARG-01_17.3,Species richness,2,2,0.43519414,2,2.85296484,gentle_slope,outer_slope
MARG-01,25.2,MARG-01_25.2,Species richness,10,36.72727273,13.37894466,10.50502304,62.94952241,moderate_slope,outer_slope
MARG-01,34.2,MARG-01_34.2,Species richness,1,1,0,1,1,moderate_slope,outer_slope
MARG-01,43.6,MARG-01_43.6,Species richness,5,9,2.973876366,5,14.82869057,moderate_slope,outer_slope
MARG-01,53.3,MARG-01_53.3,Species richness,2,2.333333333,1.225541865,2,4.73535125,steep_slope,outer_slope
MARG-01,9,MARG-01_9,Species richness,12,23.73958333,10.00154597,12,43.34225322,steep_slope,outer_slope
MARG-02,13.8,MARG-02_13.8,Species richness,2,2,0.496044964,2,2.972230264,moderate_slope,lagoon
MARG-02,34.5,MARG-02_34.5,Species richness,1,1,0,1,1,moderate_slope,lagoon
MARG-02,34.9,MARG-02_34.9,Species richness,1,1,0,1,1,moderate_slope,lagoon
MARG-02,42.2,MARG-02_42.2,Species richness,1,1,0,1,1,moderate_slope,lagoon
MARG-02,6.4,MARG-02_6.4,Species richness,6,10.3902439,4.486704929,6,19.18402397,moderate_slope,lagoon
MARG-02,7.7,MARG-02_7.7,Species richness,5,6.96875,1.989945031,5,10.86897059,moderate_slope,lagoon
MARI-01,33.9,MARI-01_33.9,Species richness,3,3.888888889,0.986464702,3,5.822324176,flat,lagoon
MARI-01,35,MARI-01_35,Species richness,3,3.833333333,1.119003222,3,6.026539346,flat,lagoon
MARI-02,18,MARI-02_18,Species richness,4,4.225,1.636498383,4,7.432477891,flat,lagoon
MARI-02,38,MARI-02_38,Species richness,3,3.454545455,1.23997575,3,5.884853267,flat,lagoon
MARI-02,41,MARI-02_41,Species richness,5,10.25,4.449682396,5,18.97121724,flat,lagoon
MARI-02,43,MARI-02_43,Species richness,3,4.5,2.032836502,3,8.48428633,flat,lagoon
MARI-02,44,MARI-02_44,Species richness,16,28,17.57469163,16,62.44576264,flat,lagoon
MARI-02,45,MARI-02_45,Species richness,8,8.472222222,3.371410361,8,15.08006511,flat,lagoon
MARI-02,46,MARI-02_46,Species richness,11,16.73913043,8.169438506,11,32.75093568,flat,lagoon
MARI-02,48,MARI-02_48,Species richness,3,3.8,1.238611148,3,6.227633241,flat,lagoon
MARI-02,54,MARI-02_54,Species richness,3,3.2,1.790131195,3,6.708592671,flat,lagoon
MIDD-01,10,MIDD-01_10,Species richness,7,7.244444444,2.378057097,7,11.90535071,flat,inner_reef
MIDD-01,11,MIDD-01_11,Species richness,8,13.82352941,5.185632597,8,23.98718254,flat,inner_reef
MIDD-01,21,MIDD-01_21,Species richness,9,16.65217391,7.266362811,9,30.89398332,steep_slope,inner_reef
MIDD-01,26,MIDD-01_26,Species richness,2,2,0.43519414,2,2.85296484,flat,inner_reef
MIDD-01,30,MIDD-01_30,Species richness,4,4.833333333,2.172590322,4,9.091532119,flat,inner_reef
MIDD-01,4,MIDD-01_4,Species richness,4,5.8,1.788206242,4,9.304819832,flat,inner_reef
MIDD-01,40,MIDD-01_40,Species richness,8,29.77777778,10.19927712,9.787561954,49.7679936,flat,inner_reef
MIDD-01,5,MIDD-01_5,Species richness,1,1,0,1,1,flat,inner_reef
OBSN-01,16,OBSN-01_16,Species richness,5,7.7,3.008282705,5,13.59612576,flat,inner_reef
OBSN-01,25,OBSN-01_25,Species richness,5,5.888888889,2.04478935,5,9.896602371,flat,inner_reef
OBSN-01,33,OBSN-01_33,Species richness,3,3,0.52527506,3,4.0295202,flat,inner_reef
OBSN-01,5,OBSN-01_5,Species richness,15,27.01442308,13.5452083,15,53.56254351,wall,outer_slope
OBSN-01,63,OBSN-01_63,Species richness,1,1,0,1,1,wall,outer_slope
OSPR-01,12.7,OSPR-01_12.7,Species richness,3,5,1.42550127,3,7.79393115,wall,outer_slope
OSPR-01,14.1,OSPR-01_14.1,Species richness,5,7.785714286,2.102400463,5,11.90634347,wall,outer_slope
OSPR-01,15.4,OSPR-01_15.4,Species richness,5,8.9375,3.950446926,5,16.6802337,steep_slope,outer_slope
OSPR-01,16.4,OSPR-01_16.4,Species richness,6,18.5,4.498187065,9.683715358,27.31628464,wall,outer_slope
OSPR-01,18.8,OSPR-01_18.8,Species richness,3,5,1.330906883,3,7.608529558,wall,outer_slope
OSPR-01,18.9,OSPR-01_18.9,Species richness,1,1,0,1,1,steep_slope,outer_slope
OSPR-01,21.8,OSPR-01_21.8,Species richness,10,43.23076923,13.29555893,17.17195257,69.2895859,steep_slope,outer_slope
OSPR-01,23.7,OSPR-01_23.7,Species richness,3,3,0.601117646,3,4.178168936,moderate_slope,outer_slope
OSPR-01,25.5,OSPR-01_25.5,Species richness,4,6.666666667,2.427411322,4,11.42430543,moderate_slope,outer_slope
OSPR-01,28.2,OSPR-01_28.2,Species richness,5,13,3.333863594,6.465747426,19.53425257,wall,outer_slope
OSPR-01,28.8,OSPR-01_28.8,Species richness,3,3.416666667,1.176813439,3,5.723178624,moderate_slope,outer_slope
OSPR-01,32.8,OSPR-01_32.8,Species richness,2,2.333333333,1.082956422,2,4.455888918,moderate_slope,outer_slope
OSPR-01,33.3,OSPR-01_33.3,Species richness,3,4.5,1.930215616,3,8.283153089,wall,outer_slope
OSPR-01,35.3,OSPR-01_35.3,Species richness,5,13,3.06359464,6.995464841,19.00453516,steep_slope,outer_slope
OSPR-01,35.7,OSPR-01_35.7,Species richness,2,2.333333333,1.197378356,2,4.680151787,gentle_slope,outer_slope
OSPR-01,36.6,OSPR-01_36.6,Species richness,6,18.5,4.84398129,9.005971129,27.99402887,moderate_slope,outer_slope
OSPR-01,38.2,OSPR-01_38.2,Species richness,2,2.5,0.723627227,2,3.918283303,wall,outer_slope
OSPR-01,41.2,OSPR-01_41.2,Species richness,1,1,0,1,1,wall,outer_slope
OSPR-01,44.7,OSPR-01_44.7,Species richness,1,1,0,1,1,wall,outer_slope
OSPR-01,47.8,OSPR-01_47.8,Species richness,4,4.888888889,1.587779117,4,8.000878773,moderate_slope,outer_slope
OSPR-01,5.1,OSPR-01_5.1,Species richness,7,7.484848485,2.327467879,7,12.0466017,moderate_slope,outer_slope
OSPR-01,52.4,OSPR-01_52.4,Species richness,3,5,1.495762815,3,7.931641246,steep_slope,outer_slope
OSPR-01,52.8,OSPR-01_52.8,Species richness,2,2.5,0.697234798,2,3.866555093,steep_slope,outer_slope
OSPR-01,53.2,OSPR-01_53.2,Species richness,1,1,0,1,1,steep_slope,outer_slope
OSPR-01,55,OSPR-01_55,Species richness,3,4.5,2.167313423,3,8.747856253,steep_slope,outer_slope
OSPR-01,63.2,OSPR-01_63.2,Species richness,1,1,0,1,1,moderate_slope,outer_slope
OSPR-01,65.8,OSPR-01_65.8,Species richness,1,1,0,1,1,steep_slope,outer_slope
OSPR-01,66.2,OSPR-01_66.2,Species richness,1,1,0,1,1,steep_slope,outer_slope
OSPR-01,67.8,OSPR-01_67.8,Species richness,1,1,0,1,1,steep_slope,outer_slope
OSPR-01,7,OSPR-01_7,Species richness,4,4.909090909,1.406669919,4,7.666113288,steep_slope,outer_slope
OSPR-01,7.1,OSPR-01_7.1,Species richness,11,28.51351351,11.90458466,11,51.8460707,steep_slope,outer_slope
OSPR-01,77.2,OSPR-01_77.2,Species richness,1,1,0,1,1,steep_slope,outer_slope
OSPR-01,9.1,OSPR-01_9.1,Species richness,9,12.87096774,4.890637408,9,22.45644092,steep_slope,outer_slope
OSPR-01,96.3,OSPR-01_96.3,Species richness,1,1,0,1,1,wall,outer_slope
OSPR-02,12.7,OSPR-02_12.7,Species richness,8,12.37142857,5.665671362,8,23.47594039,wall,outer_slope
OSPR-02,14.1,OSPR-02_14.1,Species richness,8,12.32,4.800627531,8,21.72905706,steep_slope,outer_slope
OSPR-02,15.8,OSPR-02_15.8,Species richness,4,7.6,3.173294499,4,13.81954293,steep_slope,outer_slope
OSPR-02,17.1,OSPR-02_17.1,Species richness,3,5,1.367639467,3,7.680524098,wall,outer_slope
OSPR-02,18.2,OSPR-02_18.2,Species richness,4,8.5,2.352620503,4,13.11105146,wall,outer_slope
OSPR-02,21.4,OSPR-02_21.4,Species richness,4,7.6,3.549465175,4,14.55682391,moderate_slope,outer_slope
OSPR-02,23.1,OSPR-02_23.1,Species richness,4,4.888888889,1.836072844,4,8.487525535,wall,outer_slope
OSPR-02,24.9,OSPR-02_24.9,Species richness,3,4.5,2.297143593,3,9.00231871,steep_slope,outer_slope
OSPR-02,27.7,OSPR-02_27.7,Species richness,3,3.2,1.677039238,3,6.486936507,steep_slope,outer_slope
OSPR-02,28,OSPR-02_28,Species richness,2,2,0.301511345,2,2.590951376,steep_slope,outer_slope
OSPR-02,32.2,OSPR-02_32.2,Species richness,3,4.5,1.971386222,3,8.363845995,steep_slope,outer_slope
OSPR-02,33.2,OSPR-02_33.2,Species richness,4,4.833333333,1.701300709,4,8.16782145,steep_slope,outer_slope
OSPR-02,35,OSPR-02_35,Species richness,1,1,0,1,1,steep_slope,outer_slope
OSPR-02,38.1,OSPR-02_38.1,Species richness,2,2,0.460566186,2,2.902693138,steep_slope,outer_slope
OSPR-02,42.3,OSPR-02_42.3,Species richness,6,13.42857143,5.290312601,6,23.79739359,moderate_slope,outer_slope
OSPR-02,47.7,OSPR-02_47.7,Species richness,4,6.5,2.519964476,4,11.43903962,steep_slope,outer_slope
OSPR-02,47.8,OSPR-02_47.8,Species richness,3,3.833333333,1.099521309,3,5.9883555,moderate_slope,outer_slope
OSPR-02,6.1,OSPR-02_6.1,Species richness,10,12.97391304,3.401490882,10,19.64071267,moderate_slope,outer_slope
OSPR-02,6.2,OSPR-02_6.2,Species richness,14,28.86956522,11.89080906,14,52.17512273,moderate_slope,outer_slope
OSPR-02,61.4,OSPR-02_61.4,Species richness,1,1,0,1,1,steep_slope,outer_slope
OSPR-02,64.2,OSPR-02_64.2,Species richness,1,1,0,1,1,steep_slope,outer_slope
OSPR-02,68,OSPR-02_68,Species richness,1,1,0,1,1,steep_slope,outer_slope
OSPR-02,7.3,OSPR-02_7.3,Species richness,10,19.8,6.253494426,10,32.05662385,steep_slope,outer_slope
OSPR-02,71.6,OSPR-02_71.6,Species richness,2,2.333333333,1.225541865,2,4.73535125,steep_slope,outer_slope
OSPR-02,8.2,OSPR-02_8.2,Species richness,10,27.67272727,10.7341927,10,48.71135837,steep_slope,outer_slope
OSPR-02,80.6,OSPR-02_80.6,Species richness,2,2.333333333,1.25679299,2,4.79660233,steep_slope,outer_slope
OSPR-02,9.4,OSPR-02_9.4,Species richness,6,6.95,1.822240197,6,10.52152516,steep_slope,outer_slope
OSPR-03,14.5,OSPR-03_14.5,Species richness,3,3.8,1.311820387,3,6.371120712,steep_slope,outer_slope
OSPR-03,18.1,OSPR-03_18.1,Species richness,4,8.5,2.150428663,4.285237269,12.71476273,steep_slope,outer_slope
OSPR-03,24.4,OSPR-03_24.4,Species richness,3,5,1.44053862,3,7.823403813,steep_slope,outer_slope
OSPR-03,28.2,OSPR-03_28.2,Species richness,4,5.714285714,1.861949048,4,9.363638789,wall,outer_slope
OSPR-03,34.3,OSPR-03_34.3,Species richness,3,5,1.484011308,3,7.908608716,steep_slope,outer_slope
OSPR-03,37.5,OSPR-03_37.5,Species richness,1,1,0,1,1,steep_slope,outer_slope
OSPR-03,45.8,OSPR-03_45.8,Species richness,1,1,0,1,1,wall,outer_slope
OSPR-03,55.6,OSPR-03_55.6,Species richness,1,1,0,1,1,wall,outer_slope
OSPR-03,55.7,OSPR-03_55.7,Species richness,1,1,0,1,1,steep_slope,outer_slope
OSPR-03,6.4,OSPR-03_6.4,Species richness,12,16.47077922,3.740996482,12,23.80299759,steep_slope,outer_slope
OSPR-03,60.6,OSPR-03_60.6,Species richness,1,1,0,1,1,wall,outer_slope
OSPR-03,64.9,OSPR-03_64.9,Species richness,2,2.5,0.697234798,2,3.866555093,wall,outer_slope
OSPR-03,78.1,OSPR-03_78.1,Species richness,1,1,0,1,1,steep_slope,outer_slope
OSPR-03,8.3,OSPR-03_8.3,Species richness,9,16.86206897,6.348696224,9,29.30528491,steep_slope,outer_slope
OSPR-03,81.1,OSPR-03_81.1,Species richness,1,1,0,1,1,steep_slope,outer_slope
OSPR-03,96.5,OSPR-03_96.5,Species richness,1,1,0,1,1,wall,outer_slope
SAUM-01,29.5,SAUM-01_29.5,Species richness,2,2,0.337997669,2,2.662463258,flat,inner_reef
SAUM-01,29.6,SAUM-01_29.6,Species richness,4,5.75,2.106172692,4,9.878022622,flat,inner_reef
SAUM-01,29.9,SAUM-01_29.9,Species richness,1,1,0,1,1,flat,inner_reef
SDIA-01,35.3,SDIA-01_35.3,Species richness,1,1,0,1,1,flat,lagoon
SDIA-01,35.6,SDIA-01_35.6,Species richness,1,1,0,1,1,flat,lagoon
SDIA-02,15.2,SDIA-02_15.2,Species richness,9,11.19375,4.939103227,9,20.87421444,gentle_slope,outer_slope
SDIA-02,20,SDIA-02_20,Species richness,4,4.464285714,1.076366851,4,6.573925977,gentle_slope,outer_slope
SDIA-02,21.4,SDIA-02_21.4,Species richness,2,2,0.140705294,2,2.275777309,gentle_slope,outer_slope
SDIA-02,23.7,SDIA-02_23.7,Species richness,3,3.2,1.82004107,3,6.767214947,gentle_slope,outer_slope
SDIA-02,24.7,SDIA-02_24.7,Species richness,1,1,0,1,1,gentle_slope,outer_slope
SDIA-02,28.8,SDIA-02_28.8,Species richness,2,2.5,0.703239258,2,3.878323619,gentle_slope,outer_slope
SDIA-02,31.5,SDIA-02_31.5,Species richness,3,3.875,0.977320148,3,5.790512291,flat,outer_slope
SDIA-02,33.3,SDIA-02_33.3,Species richness,4,7.6,3.215655517,4,13.902569,flat,outer_slope
SDIA-02,35.1,SDIA-02_35.1,Species richness,2,2.333333333,1.159821187,2,4.606541088,flat,outer_slope
SDIA-02,36,SDIA-02_36,Species richness,4,6.7,2.014297005,4,10.64794958,flat,outer_slope
SDIA-02,41.7,SDIA-02_41.7,Species richness,3,4.5,2.053968812,3,8.525704896,flat,outer_slope
SDIA-02,43.7,SDIA-02_43.7,Species richness,2,2.333333333,1.208722508,2,4.702385916,flat,outer_slope
SDIA-02,47.5,SDIA-02_47.5,Species richness,3,3.8,1.67280204,3,7.078631753,flat,outer_slope
SDIA-02,66.8,SDIA-02_66.8,Species richness,1,1,0,1,1,flat,outer_slope
SDIA-02,74.1,SDIA-02_74.1,Species richness,1,1,0,1,1,gentle_slope,outer_slope
SDIA-02,78.2,SDIA-02_78.2,Species richness,2,2.5,0.723627227,2,3.918283303,gentle_slope,outer_slope
SDIA-02,79,SDIA-02_79,Species richness,5,11.66666667,4.860833975,5,21.19372619,gentle_slope,outer_slope
SDIA-02,81.7,SDIA-02_81.7,Species richness,1,1,0,1,1,gentle_slope,outer_slope
SDIA-02,84.4,SDIA-02_84.4,Species richness,2,2.5,0.697234798,2,3.866555093,gentle_slope,outer_slope
SDIA-02,87,SDIA-02_87,Species richness,1,1,0,1,1,gentle_slope,outer_slope
SDIA-02,88.7,SDIA-02_88.7,Species richness,2,2.5,0.723627227,2,3.918283303,gentle_slope,outer_slope
SDIA-02,93.9,SDIA-02_93.9,Species richness,1,1,0,1,1,gentle_slope,outer_slope
SDIA-02,94.1,SDIA-02_94.1,Species richness,2,2.333333333,1.334410339,2,4.948729539,gentle_slope,outer_slope
SDIA-02,95.3,SDIA-02_95.3,Species richness,1,1,0,1,1,gentle_slope,outer_slope
SDIA-02,97.2,SDIA-02_97.2,Species richness,1,1,0,1,1,gentle_slope,outer_slope
SHAR-01,11,SHAR-01_11,Species richness,6,10.26315789,4.812344863,6,19.69518051,flat,outer_slope
SHAR-01,18,SHAR-01_18,Species richness,2,2,0.479372485,2,2.939552807,gentle_slope,outer_slope
SHAR-01,28,SHAR-01_28,Species richness,4,4,0.469089795,4,4.919399103,gentle_slope,outer_slope
SHAR-01,36,SHAR-01_36,Species richness,6,6.466666667,2.201332258,6,10.78119861,steep_slope,outer_slope
SHAR-01,77,SHAR-01_77,Species richness,1,1,0,1,1,moderate_slope,outer_slope
SHAR-01,85,SHAR-01_85,Species richness,1,1,0,1,1,wall,outer_slope
SWCA-01,11,SWCA-01_11,Species richness,4,4.222222222,2.047721901,4,8.235683398,steep_slope,outer_slope
SWCA-01,15.4,SWCA-01_15.4,Species richness,3,3,0.384054329,3,3.752732652,moderate_slope,outer_slope
SWCA-01,19.4,SWCA-01_19.4,Species richness,10,22.109375,10.30913828,10,42.31491473,gentle_slope,outer_slope
SWCA-01,22.4,SWCA-01_22.4,Species richness,5,5.888888889,2.41002189,5,10.612445,moderate_slope,outer_slope
SWCA-01,24.9,SWCA-01_24.9,Species richness,4,4.941176471,0.875008251,4,6.656161129,moderate_slope,outer_slope
SWCA-01,27.9,SWCA-01_27.9,Species richness,5,6.857142857,2.547351738,5,11.84986052,steep_slope,outer_slope
SWCA-01,32.1,SWCA-01_32.1,Species richness,3,3.8,1.601786881,3,6.939444598,steep_slope,outer_slope
SWCA-01,35,SWCA-01_35,Species richness,4,6.666666667,1.702825128,4,10.00414259,gentle_slope,outer_slope
SWCA-01,37.4,SWCA-01_37.4,Species richness,3,3,0.246662572,3,3.483449757,moderate_slope,outer_slope
SWCA-01,40.5,SWCA-01_40.5,Species richness,4,4.9,1.220588325,4,7.292309157,moderate_slope,outer_slope
SWCA-01,44.1,SWCA-01_44.1,Species richness,2,2.333333333,1.318094738,2,4.916751547,moderate_slope,outer_slope
SWCA-01,48.1,SWCA-01_48.1,Species richness,2,2.5,0.723627227,2,3.918283303,steep_slope,outer_slope
SWCA-01,61.2,SWCA-01_61.2,Species richness,1,1,0,1,1,flat,outer_slope
TURT-01,50,TURT-01_50,Species richness,3,5,1.421906531,3,7.786885589,wall,outer_slope
TURT-01,61,TURT-01_61,Species richness,1,1,0,1,1,wall,outer_slope
WILL-01,35.2,WILL-01_35.2,Species richness,5,10.4,3.304055933,5,16.87583063,gentle_slope,outer_slope
WILL-01,40,WILL-01_40,Species richness,1,1,0,1,1,steep_slope,outer_slope
WILL-01,42,WILL-01_42,Species richness,6,7.875,2.606927602,6,12.98448421,steep_slope,outer_slope
WILL-01,42.3,WILL-01_42.3,Species richness,2,2,0.337997669,2,2.662463258,gentle_slope,outer_slope
WILL-01,43,WILL-01_43,Species richness,3,5,1.363694724,3,7.672792545,steep_slope,outer_slope
WILL-01,44.1,WILL-01_44.1,Species richness,3,3.2,1.601262128,3,6.338416102,steep_slope,outer_slope
WILL-01,44.4,WILL-01_44.4,Species richness,1,1,0,1,1,gentle_slope,outer_slope
WILL-01,44.8,WILL-01_44.8,Species richness,1,1,0,1,1,steep_slope,outer_slope
WILL-01,50.1,WILL-01_50.1,Species richness,2,2,0.2564324,2,2.502598268,steep_slope,outer_slope
WILL-01,50.4,WILL-01_50.4,Species richness,3,3.416666667,1.260002349,3,5.886225892,steep_slope,outer_slope
WILL-01,51.5,WILL-01_51.5,Species richness,3,3.2,1.427895251,3,5.998623266,steep_slope,outer_slope
WILL-01,52.3,WILL-01_52.3,Species richness,3,4.5,1.747574076,3,7.92518225,steep_slope,outer_slope
WREC-01,31.5,WREC-01_31.5,Species richness,6,10.15384615,3.899749038,6,17.79721382,gentle_slope,outer_slope
WREC-01,36.3,WREC-01_36.3,Species richness,9,18.67741935,6.950079731,9,32.29932532,gentle_slope,outer_slope
WREC-01,36.5,WREC-01_36.5,Species richness,6,6.473684211,1.776913755,6,9.956371174,gentle_slope,outer_slope
