Site,Depth_Group2,Aspect_descriptive,Aspect_descriptive2,Kyphosus cinerascens,Kyphosus vaigiensis,Naso brachycentron,Naso lituratus,Naso tonganus,Naso unicornis, Acanthurus auranticavus,Acanthurus blochii,Acanthurus dussumieri,Acanthurus fowleri, Acanthurus grammoptilus,Acanthurus guttatus,Acanthurus leucocheilus,Acanthurus lineatus,Acanthurus nigricans,Acanthurus nigricauda,Acanthurus nigrofuscus,Acanthurus nigroris,Acanthurus pyroferus,Acanthurus triostegus,Acanthurus xanthopterus,Centropyge bicolor,Scarus tricolor,Scarus spinus,Scarus schlegeli, Scarus rivulatus,Scarus psittacus,Scarus oviceps,Scarus niger,Scarus longipinnis,Scarus globiceps,Scarus ghobban,Scarus frenatus,Scarus forsteni,Scarus flavipectoralis,Scarus festivus,Scarus chameleon,Scarus dimidiatus,Scarus altipinnis,Scarus rubroviolaceus,Chlorurus spilurus,Chlorurus microrhinos,Chlorurus frontalis,Chlorurus bleekeri,Cetoscarus ocellatus,Bolbometopon muricatum,Ctenochaetus striatus,Ctenochaetus cyanocheilus,Ctenochaetus binotatus,Acanthurus olivaceus,Zebrasoma velifer,Zebrasoma scopas,Stegastes fasciolatus,Siganus stellatus,Siganus punctatissimus,Siganus fuscescens,Siganus argenteus,Plectroglyphidodon lacrymatus,Plectroglyphidodon johnstonianus,Hipposcarus longiceps,Centropyge vrolikii,Centropyge tibicen,Centropyge loriculus,Centropyge heraldi,Centropyge flavissima,Centropyge bispinosa
ASHM-01,Upper_meso,flat,flat,0,0,0,0,0,0,0,0,0,0,0,0,0,0,0,0,0,0,0,0,0,1,0,0,0,0,0,0,0,0,0,0,0,0,0,0,0,0,0,0,0,0,0,0,0,0,0,0,0,0,0,0,0,0,0,0,0,0,0,0,0,0,0,0,0,0
ASHM-01,Upper_meso,gentle_slope,slope,0,0,0,0,0,0,0,0,0,0,0,0,0,0,0,0,0,0,2,0,0,5,0,0,1,0,0,0,0,0,0,0,0,0,0,0,0,0,0,0,0,0,0,0,0,0,0,0,0,0,0,2,0,0,0,0,0,0,0,0,0,0,0,2,0,3
ASHM-01,Upper_meso,moderate_slope,slope,0,0,0,0,0,0,0,0,0,0,0,0,0,0,0,0,0,0,2,0,0,3,0,0,4,0,0,0,3,0,0,0,0,3,0,0,1,0,0,0,0,1,0,0,0,0,0,0,1,0,0,1,0,0,0,0,0,0,0,0,0,0,0,2,0,6
ASHM-02,Lower_meso,gentle_slope,slope,0,0,0,0,0,0,0,0,0,0,0,0,0,0,0,0,0,0,0,0,0,0,0,0,0,0,0,0,0,0,0,0,0,0,0,0,0,0,0,0,0,0,0,0,0,0,0,0,0,0,0,0,0,0,0,0,0,0,0,0,0,0,0,2,0,0
ASHM-02,Upper_meso,wall,wall,0,0,0,1,0,0,0,0,0,0,0,0,0,0,0,0,0,0,1,0,0,1,0,0,0,0,0,0,0,0,0,0,0,0,0,0,1,0,0,0,0,0,0,0,0,0,2,0,1,0,0,0,0,0,0,0,0,0,0,0,0,0,0,0,0,0
ASHM-04,Shallow,gentle_slope,slope,0,0,0,0,0,0,0,0,0,0,0,0,0,0,0,0,4,0,0,0,0,4,0,0,0,0,0,0,0,0,0,0,0,0,0,0,0,0,0,0,0,0,0,0,0,0,0,0,0,0,2,0,0,0,0,0,0,0,0,0,2,0,0,0,0,0
ASHM-04,Upper_meso,moderate_slope,slope,0,0,0,0,0,0,0,0,0,0,0,0,0,0,0,0,3,0,0,0,0,7,0,0,0,0,0,0,0,0,0,0,0,0,0,0,0,0,0,0,0,0,0,0,0,0,0,0,2,0,0,0,0,0,0,0,0,0,0,0,0,0,0,3,0,3
ASHM-04,Upper_meso,steep_slope,slope,0,0,0,0,0,0,0,0,0,0,0,0,0,0,0,0,3,0,0,0,0,13,0,0,0,0,0,1,0,0,0,0,1,4,0,0,0,0,0,0,0,1,0,0,1,0,1,0,6,0,2,0,0,0,0,0,0,0,0,0,0,0,0,1,0,6
BETT-01,Shallow,flat,flat,0,0,0,0,0,8,0,0,0,0,0,0,0,0,2,0,11,0,0,0,0,0,0,0,0,0,0,0,0,0,0,0,0,0,0,0,1,0,0,0,0,4,0,1,1,0,24,0,0,0,0,1,0,0,2,0,0,0,0,1,0,0,0,0,0,0
BETT-01,Shallow,gentle_slope,slope,0,0,0,0,0,0,0,0,0,0,0,0,0,0,0,0,3,0,0,0,0,0,0,0,0,0,0,0,0,0,1,0,0,0,0,0,0,0,0,0,0,0,0,0,0,0,0,0,0,0,0,0,0,0,0,0,0,0,0,0,0,0,0,0,0,0
BETT-01,Upper_meso,flat,flat,0,0,0,0,0,0,0,0,0,0,0,0,0,0,0,0,2,0,0,0,0,0,0,0,0,0,0,0,0,0,0,0,0,0,0,0,0,0,0,0,0,0,0,0,0,0,0,0,0,0,0,1,0,0,0,0,0,0,0,0,0,0,0,0,0,0
BETT-01,Upper_meso,steep_slope,slope,0,0,0,0,0,0,0,0,0,0,0,0,0,0,0,0,0,0,2,0,0,0,0,0,0,0,0,0,0,0,0,0,0,0,0,0,0,0,0,0,0,0,0,0,0,0,2,0,0,0,0,0,0,0,0,0,0,0,0,0,0,0,0,0,0,0
BOOT-01,Lower_meso,moderate_slope,slope,0,0,0,0,0,0,0,0,0,0,0,0,0,0,0,0,0,0,0,0,0,0,0,0,0,0,0,0,0,3,0,0,0,0,0,0,0,0,0,0,0,0,0,0,0,0,0,0,0,0,0,0,0,0,0,0,0,0,0,0,0,0,0,0,0,1
BOOT-01,Upper_meso,steep_slope,slope,0,0,0,0,0,0,0,0,0,0,0,0,0,0,0,0,0,0,0,0,0,0,0,0,0,0,0,0,0,2,0,0,0,0,0,0,0,0,0,0,0,0,0,0,0,0,0,0,1,0,0,0,0,0,0,0,0,0,0,0,0,0,0,0,0,0
BOUG-01,Lower_meso,steep_slope,slope,0,0,0,0,0,0,0,3,0,0,0,0,0,0,0,0,0,0,0,0,1,0,0,0,0,0,0,0,0,0,0,0,0,0,0,0,0,0,0,0,0,0,0,0,0,0,0,0,1,0,0,0,0,0,0,0,0,0,0,1,0,0,0,0,0,2
BOUG-01,Lower_meso,wall,wall,0,0,0,0,0,0,0,0,0,0,0,0,0,0,0,0,0,0,1,0,0,0,0,0,0,0,0,0,4,0,0,0,0,0,0,0,1,0,0,0,0,0,0,0,0,0,0,0,0,0,0,0,0,0,0,0,0,0,0,0,0,0,0,2,0,0
BOUG-01,Shallow,steep_slope,slope,0,0,0,0,0,1,0,16,5,0,55,2,0,6,0,0,0,0,1,0,0,1,0,0,0,0,0,0,0,0,0,0,0,2,0,0,1,0,0,1,3,9,0,0,0,0,26,0,4,0,2,16,0,0,0,0,0,0,0,1,0,0,0,0,0,2
BOUG-01,Shallow,wall,wall,33,0,0,0,0,0,0,4,12,0,0,0,0,0,0,0,3,0,0,1,0,0,0,0,0,0,0,0,5,0,0,0,0,0,0,0,1,0,0,0,5,2,0,0,3,0,12,0,0,3,4,3,0,0,0,0,0,0,0,2,2,0,0,0,0,3
BOUG-01,Upper_meso,steep_slope,slope,0,0,0,0,0,0,0,0,0,0,0,0,0,0,0,0,0,0,2,0,0,0,0,0,0,0,1,0,4,0,0,0,0,0,0,0,1,0,0,0,0,0,0,0,0,0,0,0,0,0,0,0,0,0,0,0,0,0,0,0,0,0,0,2,0,4
BOUG-01,Upper_meso,wall,wall,0,0,0,0,0,0,0,0,0,0,0,0,0,0,0,0,0,0,4,0,0,0,0,0,0,0,0,0,0,1,0,0,0,0,0,0,0,0,0,0,0,0,0,0,0,0,1,0,0,0,0,0,0,0,2,0,0,0,0,0,0,0,0,0,0,1
BOUG-02,Lower_meso,steep_slope,slope,0,0,0,0,0,0,0,0,0,0,0,0,0,0,0,0,0,0,3,0,0,0,0,0,0,0,0,0,0,0,0,0,0,0,0,0,0,3,0,1,1,0,0,0,1,0,0,0,0,0,0,0,0,0,0,0,0,0,0,0,0,0,0,0,0,0
BOUG-02,Lower_meso,wall,wall,0,0,0,0,0,0,0,0,0,0,0,0,0,0,0,0,0,0,0,0,0,0,0,0,0,0,0,0,0,0,0,0,0,0,0,0,0,0,0,0,0,0,0,0,0,0,0,0,2,0,0,0,0,0,0,0,0,0,0,0,0,0,0,0,0,0
BOUG-02,Shallow,moderate_slope,slope,0,0,0,0,0,0,0,0,0,0,0,0,0,0,0,0,0,0,0,0,0,0,0,0,0,0,0,0,0,0,0,0,0,0,0,0,0,0,0,0,0,1,0,0,0,0,0,0,0,0,1,1,0,0,0,0,0,0,0,0,0,0,0,0,0,0
BOUG-02,Shallow,steep_slope,slope,0,0,0,1,1,0,0,0,0,0,0,0,0,0,0,0,0,0,2,0,0,0,0,0,0,0,0,0,0,0,0,0,0,4,0,0,1,0,3,0,0,1,0,0,1,0,0,0,4,0,3,2,0,0,0,0,0,0,0,1,0,0,1,0,0,0
BOUG-02,Shallow,wall,wall,0,0,0,0,0,0,0,0,0,0,0,0,0,0,0,0,0,0,3,0,0,0,0,0,0,0,0,0,0,0,0,0,0,3,0,0,1,0,0,0,0,1,0,0,0,0,1,0,1,0,1,0,0,0,0,0,0,0,0,0,0,0,0,0,0,1
BOUG-02,Upper_meso,moderate_slope,slope,0,0,0,1,0,0,0,0,0,0,0,0,0,0,0,0,0,0,10,0,0,1,0,0,0,0,0,0,1,0,0,0,0,7,0,0,3,0,0,0,3,1,0,0,1,0,2,0,4,0,0,1,0,0,0,0,0,0,0,0,0,0,0,1,0,6
BOUG-02,Upper_meso,steep_slope,slope,0,0,0,1,0,0,0,0,0,0,0,0,0,0,0,0,0,0,4,0,0,0,0,0,0,0,0,0,0,0,0,0,0,9,0,0,2,0,0,0,0,0,0,0,0,0,2,0,3,0,0,1,0,0,0,0,0,0,0,0,0,0,0,0,0,2
BOUG-02,Upper_meso,wall,wall,0,0,0,0,0,0,0,0,0,0,0,0,0,0,0,0,0,0,1,0,0,0,0,0,0,0,0,0,0,0,0,0,0,0,0,0,1,0,0,0,0,0,0,0,0,0,0,0,0,0,0,0,0,0,0,0,0,0,0,0,0,0,0,0,0,0
EDIA-01,Shallow,gentle_slope,slope,0,0,0,0,0,0,0,0,0,0,0,0,0,0,0,0,1,0,5,0,0,0,0,0,0,0,0,0,0,0,0,0,0,0,0,0,0,1,0,0,0,0,0,0,0,0,0,0,0,0,0,0,0,0,0,0,0,0,0,0,0,0,0,0,0,0
EDIA-01,Shallow,moderate_slope,slope,0,0,0,3,0,0,0,7,0,0,1,0,0,0,0,0,9,0,3,0,0,0,0,0,0,0,0,0,2,0,0,0,0,0,0,0,0,0,0,0,0,0,0,0,0,0,0,0,0,0,0,0,0,0,0,0,0,0,0,0,1,0,0,0,0,0
EDIA-01,Shallow,wall,wall,0,0,0,0,0,0,0,3,0,0,0,0,0,0,0,0,0,0,3,0,0,0,0,0,0,0,0,0,0,0,0,0,0,0,0,0,0,0,0,0,2,0,0,0,0,0,0,0,0,0,0,2,0,0,0,0,0,0,0,1,0,0,0,0,0,0
EDIA-01,Upper_meso,flat,flat,0,0,0,0,0,0,0,0,0,0,0,0,0,0,0,0,0,0,10,0,0,0,0,0,0,0,0,0,0,0,0,0,0,0,0,0,0,0,0,0,0,0,0,0,0,0,0,0,0,0,0,0,0,0,0,0,0,0,0,0,0,0,0,0,0,0
EDIA-01,Upper_meso,gentle_slope,slope,0,0,0,2,0,0,0,3,0,0,1,0,0,0,0,0,26,0,49,0,0,1,0,0,2,0,0,2,0,0,0,0,0,0,0,0,0,1,0,0,1,0,0,0,0,0,0,0,0,0,0,1,0,0,0,0,0,0,0,0,1,0,0,0,0,0
EDIA-02,Shallow,flat,flat,0,0,0,0,0,0,0,2,0,0,0,0,0,0,0,0,0,0,1,0,0,0,0,0,0,0,0,0,0,0,0,0,0,0,0,0,0,0,0,0,0,0,0,0,0,0,0,0,0,0,1,0,0,0,0,0,0,0,0,0,0,0,0,0,0,0
EDIA-02,Shallow,gentle_slope,slope,0,0,0,0,0,0,0,0,0,0,0,0,0,0,1,0,3,0,11,0,0,0,0,0,0,0,0,0,2,0,1,0,0,0,0,0,0,0,0,0,1,0,0,0,0,0,0,0,0,0,0,0,0,0,0,2,0,0,0,1,1,0,0,0,0,0
EDIA-02,Shallow,moderate_slope,slope,0,0,0,0,0,0,0,0,0,0,1,0,0,0,1,0,5,0,4,0,0,0,0,0,1,0,0,0,5,0,0,0,0,0,0,0,0,1,0,0,2,0,0,0,0,0,0,0,0,0,0,4,0,0,0,0,0,0,0,2,0,0,0,0,0,0
EDIA-02,Shallow,steep_slope,slope,0,0,0,0,0,0,0,1,0,0,1,0,0,0,1,0,16,0,5,0,0,0,0,0,1,0,0,0,0,0,0,0,2,0,0,0,0,2,0,0,2,0,0,0,1,0,2,0,0,0,0,0,0,0,0,0,0,0,0,0,0,0,0,0,0,0
EDNA-01,Lower_meso,moderate_slope,slope,0,0,0,0,0,2,0,0,2,0,0,0,0,0,0,0,0,0,1,0,0,0,0,0,0,0,0,0,0,3,0,0,0,0,0,0,0,0,0,0,0,0,0,0,0,0,0,0,0,0,0,0,0,0,0,0,0,0,0,0,0,0,0,1,0,0
EDNA-01,Shallow,flat,flat,0,0,0,4,0,2,0,0,0,0,0,0,0,0,0,0,0,0,0,0,0,0,0,0,0,0,0,0,0,0,0,0,0,0,0,0,0,0,0,0,0,0,0,0,0,0,4,0,0,0,0,0,0,0,0,0,0,0,0,22,0,0,0,2,0,3
EDNA-01,Shallow,gentle_slope,slope,0,0,0,0,0,0,0,0,0,0,0,0,0,0,0,0,0,0,1,0,0,0,0,0,0,0,0,0,0,0,0,0,0,0,0,0,0,0,0,0,0,0,0,0,0,0,0,0,11,0,0,0,0,0,0,0,0,0,0,0,0,0,0,2,0,4
EDNA-01,Shallow,moderate_slope,slope,0,0,0,0,0,0,0,0,0,0,0,0,0,0,0,0,0,0,0,0,0,0,0,0,0,0,0,0,0,0,0,0,0,0,0,0,0,0,0,0,0,0,0,0,0,0,12,0,0,0,0,0,0,0,0,0,0,0,0,0,0,0,0,0,0,0
EDNA-01,Upper_meso,moderate_slope,slope,0,0,0,0,0,0,0,0,1,0,0,0,0,0,0,0,0,0,5,0,0,0,0,0,0,0,0,0,0,0,0,0,0,1,0,0,4,1,0,0,0,0,0,0,0,0,0,0,3,0,0,3,0,1,0,0,0,0,0,0,0,0,0,3,0,0
FLIN-01,Lower_meso,gentle_slope,slope,0,1,0,0,0,0,0,0,0,0,0,0,0,0,0,0,0,0,0,0,0,0,0,0,0,0,0,0,0,0,0,0,0,0,0,0,0,0,0,0,0,0,0,0,0,0,0,0,0,0,0,0,0,0,0,0,0,0,0,0,0,0,0,0,0,0
FLIN-01,Shallow,gentle_slope,slope,1,0,0,1,0,0,0,0,0,0,0,0,0,0,0,0,0,0,0,0,0,0,0,0,0,0,0,0,0,0,0,0,0,0,0,0,0,0,0,0,0,0,0,0,0,0,5,0,0,0,0,0,0,0,0,0,0,0,0,0,0,0,0,0,0,0
FLIN-01,Shallow,moderate_slope,slope,0,0,0,0,0,0,0,0,0,0,0,0,0,0,0,0,0,0,0,0,0,0,0,0,0,0,0,0,1,0,0,0,0,0,0,0,0,0,0,0,0,4,0,0,0,1,0,0,0,0,0,0,0,0,0,0,0,0,0,2,0,0,0,0,0,0
FLIN-01,Shallow,steep_slope,slope,0,0,0,1,0,0,0,0,0,0,0,0,0,0,0,0,1,0,6,0,0,0,0,0,0,0,0,0,1,0,0,0,0,0,0,0,0,1,0,0,0,0,0,0,0,1,10,0,0,0,0,0,0,0,0,0,0,0,0,0,0,0,0,0,0,0
FLIN-01,Upper_meso,gentle_slope,slope,0,0,0,0,0,0,0,0,0,0,1,0,0,0,0,0,0,0,0,0,0,0,0,0,0,0,0,0,0,0,0,0,0,0,0,0,0,0,0,0,0,0,0,0,0,0,0,0,0,0,0,0,0,0,0,0,0,0,0,0,0,0,0,0,0,0
FLIN-01,Upper_meso,steep_slope,slope,0,0,0,1,0,0,0,0,0,0,0,0,0,0,0,0,1,0,5,0,0,0,0,0,0,0,0,0,0,0,0,0,0,0,0,0,0,0,0,0,0,0,0,0,0,0,2,0,1,0,0,2,0,0,0,0,0,0,0,0,0,0,0,3,0,0
FLIN-01,Upper_meso,wall,wall,0,0,0,0,0,0,0,0,0,0,0,0,0,0,0,0,0,0,2,0,0,0,0,0,0,0,0,0,0,0,0,0,0,0,0,0,1,1,0,0,3,1,0,0,0,0,2,0,0,0,0,0,0,0,0,0,0,0,0,0,0,0,0,1,0,0
FLIN-02,Upper_meso,flat,flat,0,0,0,0,0,0,0,0,0,0,7,0,0,0,0,0,0,0,4,0,0,3,0,0,0,0,0,0,0,0,0,0,0,0,0,0,0,0,0,0,1,0,0,0,0,0,4,0,0,0,0,0,0,0,0,0,0,0,0,0,0,0,0,0,0,0
FLIN-04,Shallow,gentle_slope,slope,0,0,0,0,0,0,0,0,15,0,0,0,0,0,0,0,0,0,0,0,0,0,0,0,0,0,0,0,1,0,0,0,0,5,0,0,0,0,0,0,0,0,0,0,0,0,0,0,0,0,0,1,0,0,0,0,0,0,0,0,0,0,0,0,0,0
FLIN-04,Upper_meso,flat,flat,0,0,3,0,0,0,0,0,0,0,0,0,0,0,0,0,0,0,0,0,0,0,0,0,0,0,0,0,0,0,0,0,0,0,0,0,0,0,0,0,0,0,0,0,0,1,2,0,0,0,0,0,0,0,0,0,0,0,0,0,0,0,0,0,0,0
FRAN-01,Shallow,gentle_slope,slope,0,0,0,0,0,0,0,2,0,0,0,0,0,0,0,0,0,0,0,0,0,0,0,0,0,0,0,0,0,0,0,0,0,0,0,0,0,0,0,0,0,0,0,0,0,0,1,0,0,0,0,0,0,0,0,0,0,0,0,0,0,0,0,0,0,0
FRAN-01,Shallow,moderate_slope,slope,0,0,0,3,0,1,0,3,0,0,0,0,0,0,0,0,0,0,2,0,0,0,0,0,0,0,0,1,0,0,0,0,0,2,0,0,0,0,0,0,0,0,0,0,0,0,12,2,0,0,0,1,0,0,0,0,0,0,0,0,0,0,0,0,0,0
FRAN-01,Upper_meso,steep_slope,slope,0,0,0,0,0,0,0,1,0,0,0,0,0,0,0,0,0,0,1,0,0,0,0,0,1,0,0,0,0,0,0,0,0,0,0,0,0,1,0,0,0,0,0,0,0,0,1,0,0,0,0,0,0,0,0,0,1,0,0,0,0,0,0,0,0,0
FRED-01,Upper_meso,gentle_slope,slope,0,0,0,0,0,0,0,0,0,0,0,0,0,0,0,0,0,0,3,0,0,0,0,0,0,0,0,0,0,0,0,0,0,0,0,0,0,0,0,0,0,0,0,0,0,0,0,0,0,1,0,0,0,0,0,0,0,0,0,0,0,0,0,4,0,0
FRED-02,Shallow,gentle_slope,slope,0,0,0,0,0,0,0,0,0,0,4,0,0,0,0,0,0,0,0,0,0,0,0,0,0,0,0,0,0,0,0,0,0,0,0,0,0,0,0,0,0,0,0,0,0,0,0,0,0,0,0,0,0,0,0,0,0,0,0,0,0,0,0,0,0,0
GEOR-01,Upper_meso,gentle_slope,slope,0,0,0,0,0,0,0,0,0,0,0,0,0,0,0,0,0,0,0,0,0,0,0,0,0,0,0,0,0,0,0,0,0,0,0,0,0,0,0,0,0,0,0,0,0,0,0,0,0,0,0,0,0,0,0,0,0,0,0,0,0,0,0,3,0,2
GEOR-01,Upper_meso,moderate_slope,slope,0,0,0,1,0,0,0,0,0,0,0,0,0,0,0,0,2,0,5,0,0,0,0,0,0,0,0,0,0,0,0,0,0,0,0,0,0,0,0,0,0,0,0,0,0,0,0,0,0,0,0,0,0,0,0,0,0,0,0,0,0,0,0,7,0,0
GEOR-01,Upper_meso,steep_slope,slope,0,0,0,0,0,0,0,0,0,0,0,0,0,0,0,0,0,0,4,0,0,0,0,0,0,0,0,0,0,0,0,0,0,0,0,0,0,0,0,0,0,0,0,0,0,0,0,0,0,0,0,0,0,0,0,0,0,0,0,0,0,0,0,0,0,0
HERA-01,Upper_meso,flat,flat,0,0,0,0,0,0,0,0,0,0,0,0,0,0,0,0,0,0,0,0,0,0,0,0,0,0,0,0,0,0,0,0,0,0,0,0,0,0,0,0,0,0,0,0,0,0,8,0,0,0,0,0,0,0,0,0,0,0,0,0,0,0,0,0,0,0
HERA-01,Upper_meso,gentle_slope,slope,0,0,0,5,0,1,1,5,11,0,1,0,0,0,0,0,0,0,35,0,0,0,0,0,2,0,0,1,1,5,0,0,4,0,0,0,0,0,0,0,4,0,0,0,0,0,21,0,0,4,2,4,0,0,0,0,0,0,0,0,2,0,0,13,5,0
HERM-01,Shallow,flat,flat,0,0,0,2,0,0,0,5,0,0,0,0,0,0,3,0,1,0,1,0,2,3,0,0,2,0,0,0,0,1,0,0,0,0,0,0,0,0,0,0,0,0,0,0,0,0,8,0,0,0,4,6,0,0,4,0,0,0,0,0,0,0,0,0,0,0
HERM-01,Shallow,gentle_slope,slope,0,0,0,0,0,0,0,4,0,0,0,0,0,0,0,0,0,0,0,0,0,0,0,0,0,0,0,0,0,0,0,0,0,0,0,0,0,0,0,0,0,0,0,0,0,0,0,0,0,0,0,0,0,0,0,0,0,0,0,0,0,0,0,0,0,0
HERM-01,Shallow,moderate_slope,slope,0,0,0,1,0,1,0,0,0,0,0,0,0,0,0,0,7,0,0,0,0,0,0,0,2,0,0,0,0,11,0,0,0,0,0,0,0,0,3,0,0,7,0,0,0,0,3,0,0,0,0,0,0,0,0,0,0,0,0,3,0,0,0,0,0,0
HERM-01,Upper_meso,flat,flat,0,0,0,3,0,0,8,7,0,0,4,0,0,0,1,10,0,0,7,0,0,5,0,0,11,0,0,0,10,0,0,0,1,0,2,0,0,0,0,0,0,0,0,0,0,0,7,0,0,5,1,0,4,0,4,0,0,0,0,0,0,0,0,3,0,0
HOLM-01,Upper_meso,gentle_slope,slope,0,0,0,0,0,0,0,0,0,0,0,0,0,0,0,0,0,0,0,0,0,0,0,0,0,0,0,0,0,0,0,0,0,0,0,0,0,0,0,0,0,0,0,0,0,0,0,0,1,0,0,0,0,0,0,0,0,0,0,0,0,0,0,1,0,2
HOLM-01,Upper_meso,moderate_slope,slope,0,0,0,0,0,0,0,0,0,0,0,0,0,0,0,0,0,0,12,0,0,1,0,0,0,0,0,0,0,0,0,0,0,1,0,0,0,0,0,0,0,0,0,0,2,0,6,0,4,0,0,0,0,0,0,0,0,0,0,0,0,0,0,10,0,10
HOLM-01,Upper_meso,steep_slope,slope,0,0,0,0,0,0,0,0,0,0,0,0,0,0,0,0,0,0,3,0,0,0,0,0,0,0,0,0,0,0,0,0,0,0,0,0,0,0,0,0,1,0,0,0,0,0,0,0,1,0,0,0,0,0,0,0,0,0,0,0,0,0,0,8,0,5
HOLM-02,Lower_meso,steep_slope,slope,0,0,0,2,0,0,0,0,0,0,0,0,0,0,0,0,0,0,5,0,0,0,0,0,0,0,0,0,0,0,0,0,0,0,0,0,0,0,0,0,0,0,0,0,0,0,0,0,0,0,0,0,0,0,0,0,0,0,0,0,0,0,0,7,0,0
HOLM-02,Shallow,gentle_slope,slope,0,0,0,0,0,0,0,0,0,0,1,0,0,0,0,0,0,0,2,0,0,3,0,0,2,0,0,0,0,0,0,0,0,0,0,0,1,0,0,0,0,0,0,0,0,0,4,0,3,3,0,0,0,0,0,0,0,0,0,0,0,0,0,1,1,0
HOLM-02,Upper_meso,gentle_slope,slope,0,0,0,1,0,0,0,0,2,0,0,0,0,0,0,0,1,1,5,0,3,1,0,0,3,0,0,0,0,1,0,0,0,0,0,0,0,0,0,0,0,0,0,0,0,0,3,0,4,1,0,1,0,0,0,0,0,0,0,1,0,0,0,7,0,2
HOLM-02,Upper_meso,steep_slope,slope,0,0,0,0,0,0,0,0,0,0,0,0,0,0,0,0,0,0,4,0,1,1,0,0,0,0,0,0,0,0,0,0,0,0,0,0,0,0,0,0,0,0,0,0,0,0,0,0,0,0,0,0,0,0,0,0,0,0,0,0,0,0,0,0,0,0
HOLM-02,Upper_meso,wall,wall,0,0,0,0,0,0,0,0,0,0,0,0,0,0,0,0,0,0,0,0,0,0,0,0,0,0,0,0,0,0,0,0,0,0,0,0,0,0,0,0,0,0,0,0,0,0,0,0,0,0,0,1,0,0,0,0,0,0,0,0,0,0,0,0,0,1
HOLM-03,Lower_meso,gentle_slope,slope,0,0,0,0,0,0,0,0,0,0,0,0,0,0,0,0,0,0,1,0,0,0,0,0,0,0,0,0,0,0,0,0,0,0,0,0,0,0,0,0,0,0,0,0,0,0,0,0,0,0,0,0,0,0,0,0,0,0,0,0,0,0,0,0,0,0
HOLM-03,Shallow,gentle_slope,slope,0,1,0,4,0,0,0,0,0,0,0,0,1,3,0,0,3,0,9,0,0,0,0,0,0,0,0,0,5,0,0,0,0,0,2,0,1,0,0,0,3,0,4,1,6,0,66,0,0,0,0,3,0,0,0,0,0,0,0,1,0,0,0,0,0,0
HOLM-03,Upper_meso,gentle_slope,slope,0,0,0,0,0,0,0,0,0,0,1,0,0,0,0,0,0,0,0,0,0,0,0,0,0,1,0,0,0,0,0,0,0,0,0,0,0,0,0,0,0,0,0,0,0,0,0,0,0,0,0,0,0,0,0,0,0,0,0,0,1,0,0,0,0,1
HOLM-04,Lower_meso,wall,wall,0,0,0,0,0,0,0,0,0,0,0,0,0,0,0,0,0,0,0,0,0,0,0,0,0,0,0,0,0,0,0,0,0,0,0,0,0,0,0,0,0,0,0,0,0,0,0,0,0,0,0,0,0,0,0,0,0,0,0,0,0,0,0,1,0,0
HOLM-04,Shallow,gentle_slope,slope,0,0,0,0,0,0,0,0,0,0,2,0,0,0,0,0,3,0,11,0,1,1,0,0,0,1,1,0,1,0,0,0,0,0,0,0,0,0,0,0,3,2,0,1,0,0,11,0,0,8,0,0,0,0,0,0,2,0,0,0,1,0,0,0,0,0
HOLM-04,Shallow,moderate_slope,slope,0,0,0,1,0,0,0,0,0,0,0,0,0,0,0,0,1,0,1,0,0,0,2,0,0,0,0,0,0,0,0,0,0,0,0,0,0,0,0,0,0,0,0,0,0,0,4,0,0,0,0,0,0,0,0,0,0,0,0,0,0,0,0,0,0,0
HOLM-04,Upper_meso,gentle_slope,slope,0,0,0,0,0,0,0,0,0,0,1,0,0,0,0,0,0,0,5,0,0,0,0,0,0,0,0,0,0,1,0,0,0,2,0,0,0,0,0,0,1,0,0,1,0,0,3,0,0,0,0,0,0,0,0,0,4,0,0,0,0,0,0,5,0,0
HSUP-01,Lower_meso,steep_slope,slope,0,0,0,0,0,0,0,0,0,0,0,0,0,0,0,0,0,0,1,0,0,0,0,0,0,0,0,0,0,0,0,0,0,0,0,0,0,0,0,0,0,0,0,0,0,0,0,0,0,0,0,0,0,0,0,0,0,0,0,0,0,0,0,1,0,0
HSUP-01,Shallow,gentle_slope,slope,0,0,0,2,0,0,0,1,0,0,0,0,0,0,0,0,0,0,3,0,0,0,0,0,0,0,0,0,0,1,0,0,0,0,0,0,0,0,0,0,1,0,0,0,0,0,2,0,19,0,0,0,0,0,0,0,0,0,0,0,0,0,0,6,0,10
HSUP-01,Shallow,moderate_slope,slope,0,0,0,3,0,0,0,0,0,0,0,0,0,0,0,0,0,0,0,0,0,0,0,0,0,0,0,0,0,1,0,0,1,0,0,0,0,0,0,0,1,0,0,0,0,0,1,0,11,0,0,0,0,0,0,0,0,0,0,0,0,0,0,3,0,3
HSUP-01,Shallow,steep_slope,slope,0,0,0,5,1,0,0,0,0,0,0,0,0,0,2,0,0,0,2,0,0,0,0,0,0,0,0,1,0,4,0,0,4,13,0,0,0,0,2,0,7,0,0,0,0,0,8,0,7,0,0,0,0,0,0,0,0,0,1,7,0,0,0,2,0,2
HSUP-01,Upper_meso,steep_slope,slope,0,0,0,0,0,0,0,0,0,0,0,0,0,0,0,0,0,0,4,0,0,1,0,0,0,0,0,0,0,0,0,0,0,0,0,0,0,0,0,0,0,0,0,0,0,0,0,0,9,0,0,0,0,0,0,0,0,0,0,0,0,0,0,12,1,7
JULI-01,Lower_meso,flat,flat,0,0,0,0,0,0,0,0,0,0,0,0,0,0,0,0,0,0,0,0,0,0,0,0,0,0,0,0,0,0,0,0,0,0,0,0,0,0,0,0,0,0,0,0,0,0,0,0,0,0,0,0,0,0,0,0,0,0,0,0,0,0,0,4,0,0
JULI-01,Lower_meso,steep_slope,slope,0,0,0,0,0,0,0,0,0,0,0,0,0,0,0,0,0,0,0,0,0,0,0,0,0,0,0,0,0,0,0,0,0,0,0,0,0,0,0,0,0,0,0,0,0,0,0,0,0,0,0,0,0,0,0,0,0,0,0,0,0,0,0,1,0,0
JULI-01,Shallow,gentle_slope,slope,0,0,0,0,0,0,0,0,0,0,0,0,0,0,0,0,0,0,0,0,0,0,0,0,0,0,0,0,0,0,0,0,0,0,0,0,0,0,0,0,0,0,0,0,0,0,3,0,0,2,0,0,0,0,0,0,0,0,0,0,0,0,0,0,0,0
JULI-01,Upper_meso,gentle_slope,slope,0,0,0,0,0,0,0,0,5,0,0,0,0,0,0,0,0,0,8,0,0,0,0,0,0,0,0,0,0,0,0,0,0,0,0,0,0,1,0,0,0,1,0,0,0,0,6,0,0,0,0,0,0,0,0,0,0,0,0,0,0,0,0,1,0,0
JULI-02,Lower_meso,moderate_slope,slope,0,0,0,0,0,0,0,0,0,0,0,0,0,0,0,0,0,0,0,0,0,0,0,0,0,0,0,0,0,0,0,0,0,3,1,0,0,0,1,0,0,0,0,0,1,0,0,0,3,0,0,0,0,0,0,0,0,0,0,0,0,0,0,2,0,4
JULI-02,Upper_meso,gentle_slope,slope,0,0,0,2,0,0,0,0,0,0,0,0,0,0,0,0,0,0,5,0,0,0,0,0,0,0,0,0,0,0,0,0,0,2,0,0,0,0,0,0,0,0,0,0,0,0,0,0,3,0,0,0,0,0,0,0,0,0,0,0,0,0,0,4,0,2
JULI-02,Upper_meso,moderate_slope,slope,0,0,0,0,0,0,0,0,0,0,0,0,0,0,0,0,2,0,1,0,0,0,0,0,0,0,0,0,0,0,0,0,0,0,0,0,0,0,1,0,0,0,0,0,0,0,3,0,1,0,0,0,0,0,0,0,0,0,0,0,0,0,0,0,0,1
KENN-01,Upper_meso,gentle_slope,slope,0,0,0,3,0,0,0,0,0,0,0,0,0,0,0,0,4,2,8,0,0,0,0,0,0,0,0,0,3,0,0,0,0,0,1,0,0,0,0,0,0,1,0,0,0,0,5,0,0,0,2,17,0,0,0,0,2,0,0,0,0,0,0,2,0,0
KENN-01,Upper_meso,steep_slope,slope,0,0,0,1,0,0,0,0,0,0,0,0,0,0,0,0,0,0,6,0,0,0,0,0,0,0,0,0,2,2,0,0,0,0,0,0,0,0,0,0,1,0,0,0,0,0,5,0,2,0,0,3,0,0,0,0,0,0,0,0,0,0,0,0,0,0
KENN-02,Shallow,gentle_slope,slope,0,0,3,0,0,0,0,0,0,0,0,0,0,0,0,0,0,0,0,0,0,0,0,0,0,0,0,0,0,0,0,0,0,0,0,0,0,0,0,0,0,0,0,0,0,0,0,0,0,0,0,0,0,0,0,0,0,0,0,0,0,0,0,0,0,0
LORN-01,Shallow,flat,flat,0,0,0,0,0,1,0,0,0,0,0,0,1,2,0,0,4,0,6,0,0,0,0,0,0,0,0,0,1,0,0,0,0,0,0,0,0,0,0,0,1,0,0,0,0,0,6,0,0,0,0,1,0,0,0,0,0,0,0,0,0,0,0,0,0,0
LORN-01,Upper_meso,flat,flat,0,0,0,0,0,0,0,2,2,0,0,0,0,0,0,0,2,0,12,0,0,1,0,0,0,0,0,0,0,0,0,0,2,1,0,0,0,0,0,0,0,0,0,0,0,0,11,0,0,0,0,1,0,0,0,0,0,0,0,0,0,0,0,3,1,0
LORN-01,Upper_meso,gentle_slope,slope,0,0,0,2,0,0,0,2,2,0,0,0,0,0,0,0,5,0,6,0,0,0,0,0,0,0,0,0,0,0,0,0,0,0,0,0,0,0,0,0,0,0,0,0,0,0,6,0,0,0,0,1,0,0,0,0,0,0,0,0,0,0,0,3,0,0
LORN-01,Upper_meso,steep_slope,slope,0,0,0,0,0,0,0,0,0,0,0,0,0,0,0,0,0,0,2,0,0,0,0,0,0,0,0,0,0,1,0,0,0,0,0,0,1,0,0,0,0,0,0,0,0,0,1,0,0,1,0,0,0,0,0,0,0,0,0,0,0,0,0,0,0,0
LORN-02,Shallow,flat,flat,0,0,33,0,0,1,0,1,0,0,2,0,0,0,0,0,0,0,4,0,0,0,0,0,2,0,0,0,2,0,0,0,0,0,0,0,0,0,0,0,0,0,0,1,0,0,5,0,0,1,1,0,0,0,0,0,3,0,0,0,0,0,0,0,0,0
MARG-01,Shallow,gentle_slope,slope,0,0,0,0,0,0,0,3,0,0,0,0,0,0,1,0,4,0,2,0,0,0,0,0,0,0,0,0,2,0,0,0,0,0,0,0,0,2,1,0,3,1,0,0,1,0,7,0,0,0,0,0,0,0,0,0,0,0,0,0,1,0,0,0,0,0
MARG-01,Shallow,moderate_slope,slope,0,0,0,1,0,0,0,1,0,0,0,0,0,0,0,0,8,0,6,0,0,1,0,0,0,0,0,1,0,0,1,0,0,1,0,0,1,0,0,0,0,0,0,0,0,0,0,0,0,0,1,0,0,0,0,0,0,0,0,0,0,0,0,0,0,0
MARG-01,Upper_meso,moderate_slope,slope,0,0,0,0,0,1,0,1,0,0,1,0,0,0,0,0,0,0,2,0,0,0,0,0,0,0,0,0,0,0,0,0,0,0,0,0,0,0,0,0,0,0,0,0,0,0,0,0,0,9,0,0,0,0,0,0,0,0,0,0,0,0,0,0,0,0
MARG-01,Upper_meso,steep_slope,slope,0,0,0,0,0,0,0,0,0,0,0,0,0,0,0,0,0,0,2,0,0,0,0,0,0,0,0,0,0,1,0,0,0,0,0,0,0,0,0,0,0,0,0,0,0,0,0,0,0,0,0,0,0,0,0,0,0,0,0,0,0,0,0,0,0,0
MARG-02,Shallow,moderate_slope,slope,0,0,0,3,1,0,0,124,0,0,4,0,0,0,0,0,0,0,0,0,0,0,0,0,0,0,0,1,0,0,0,0,0,0,0,0,0,0,0,0,0,0,0,0,0,0,7,0,0,0,3,0,0,0,0,0,0,0,0,0,0,0,0,0,0,0
MARG-02,Upper_meso,moderate_slope,slope,0,0,0,0,1,0,0,0,0,0,20,0,0,0,0,0,0,0,0,0,0,0,0,0,0,0,0,0,0,0,0,0,0,0,0,0,0,0,0,0,0,0,0,0,0,0,0,0,0,0,0,0,0,0,0,0,0,0,0,0,0,0,0,0,0,0
MARI-01,Upper_meso,flat,flat,0,0,0,0,0,0,0,0,0,0,0,0,0,0,1,0,0,0,0,0,0,0,0,0,0,0,0,0,0,0,0,0,0,0,2,0,0,0,0,0,0,0,0,0,0,0,11,0,0,0,0,1,0,0,0,0,0,0,0,0,0,0,0,0,0,0
MARI-02,Shallow,flat,flat,0,0,0,0,0,0,0,0,2,0,0,0,0,0,0,0,0,0,0,0,0,0,0,0,0,0,0,0,0,0,0,0,0,0,0,0,0,0,0,0,0,0,0,5,0,0,0,0,0,2,0,0,0,0,0,0,0,0,0,1,0,0,0,0,0,0
MARI-02,Upper_meso,flat,flat,0,1,0,7,0,0,0,15,0,2,6,0,0,0,0,0,0,0,7,0,0,0,0,0,19,0,0,0,0,0,0,0,0,0,0,0,0,0,0,0,0,3,0,0,0,0,2,0,0,14,7,0,0,2,0,0,0,0,0,8,2,0,0,0,0,0
MIDD-01,Shallow,flat,flat,0,0,0,1,0,2,0,8,0,0,0,0,21,0,0,0,6,0,7,0,0,0,0,0,0,0,0,0,6,0,5,0,0,1,0,0,0,0,0,0,1,0,2,0,0,0,40,0,0,0,0,0,0,0,0,0,2,0,0,0,0,0,0,1,0,0
MIDD-01,Shallow,steep_slope,slope,0,0,0,1,0,0,0,0,0,0,1,0,0,0,0,0,0,0,6,0,0,2,0,0,0,0,0,0,0,3,0,0,0,0,0,0,0,0,0,0,0,0,0,0,0,0,5,0,0,0,0,0,0,0,0,0,0,0,0,0,1,0,0,1,0,0
MIDD-01,Upper_meso,flat,flat,0,0,0,0,0,0,0,0,0,0,0,0,0,0,0,0,0,0,1,0,0,2,0,0,0,0,0,0,0,0,0,0,0,0,0,0,0,0,0,0,1,0,0,0,0,0,3,0,0,0,0,0,0,0,0,0,0,0,0,0,0,0,0,0,0,0
OBSN-01,Lower_meso,wall,wall,0,0,0,0,0,0,0,0,0,0,1,0,0,0,0,0,0,0,0,0,0,0,0,0,0,0,0,0,0,0,0,0,0,0,0,0,0,0,0,0,0,0,0,0,0,0,0,0,0,0,0,0,0,0,0,0,0,0,0,0,0,0,0,0,0,0
OBSN-01,Shallow,wall,wall,9,0,1,1,0,1,0,0,0,0,1,0,5,3,1,0,1,0,6,0,0,0,0,0,0,0,3,0,0,0,0,0,0,0,0,0,0,0,0,0,6,0,0,0,0,0,25,0,0,0,3,0,0,0,0,0,2,0,0,0,2,0,0,0,0,0
OBSN-01,Upper_meso,wall,wall,0,0,0,0,0,0,0,0,0,0,0,0,0,0,0,0,5,0,0,0,0,0,0,0,0,0,0,0,0,0,0,0,0,0,0,0,0,0,0,0,0,0,0,0,0,0,0,4,0,0,0,0,0,0,0,0,0,0,0,0,0,0,0,0,0,0
OSPR-01,Lower_meso,moderate_slope,slope,0,0,0,0,0,0,0,0,0,0,0,0,0,0,0,0,0,0,0,0,0,0,0,0,0,0,0,0,0,0,0,0,0,0,0,0,0,0,0,0,0,0,0,0,0,0,0,0,0,0,0,0,0,0,0,0,0,0,0,0,0,0,0,2,0,0
OSPR-01,Lower_meso,steep_slope,slope,0,0,0,0,0,0,0,0,0,0,0,0,0,0,0,0,0,0,2,0,0,0,0,0,0,0,0,0,0,0,0,0,0,0,0,0,0,0,0,0,0,0,0,0,0,0,0,0,0,0,0,0,0,0,0,0,0,0,0,0,0,0,0,4,0,0
OSPR-01,Lower_meso,wall,wall,0,0,0,0,0,0,0,0,0,0,0,0,0,0,0,0,0,0,0,0,0,0,0,0,0,0,0,0,0,0,0,1,0,0,0,0,0,0,0,0,0,0,0,0,0,0,0,0,0,0,0,0,0,0,0,0,0,0,0,0,0,0,0,0,0,0
OSPR-01,Shallow,moderate_slope,slope,0,0,0,1,0,0,0,0,0,0,0,0,0,0,0,0,0,0,1,0,0,0,0,0,4,0,0,0,0,0,0,0,3,0,0,0,0,0,0,0,19,1,0,0,3,0,28,0,11,0,0,6,0,0,0,0,0,5,0,1,0,0,0,0,0,1
OSPR-01,Shallow,steep_slope,slope,0,0,0,2,0,0,0,0,0,0,0,0,0,0,0,0,0,0,2,0,0,1,0,0,0,0,0,0,3,0,0,0,0,0,0,0,0,0,1,0,1,1,0,0,0,0,9,0,6,0,0,2,0,1,0,0,0,0,0,0,0,0,0,4,0,0
OSPR-01,Shallow,wall,wall,0,0,0,1,0,0,0,0,0,0,0,0,0,0,2,0,0,0,3,0,0,0,0,0,1,0,0,0,0,0,0,0,3,0,1,0,0,0,1,0,2,2,0,1,0,1,29,0,10,0,2,11,0,1,0,0,0,0,0,0,0,0,0,1,0,1
OSPR-01,Upper_meso,gentle_slope,slope,0,0,0,0,0,0,0,0,0,0,0,0,0,0,0,0,0,0,0,0,0,0,0,0,0,0,0,0,0,0,0,0,0,0,0,0,0,0,0,0,0,0,0,0,0,0,1,0,0,0,0,0,0,0,0,0,0,0,0,0,0,0,0,2,0,0
OSPR-01,Upper_meso,moderate_slope,slope,0,0,0,0,0,0,0,0,0,0,0,0,0,0,0,0,0,0,4,0,0,2,0,0,1,0,0,0,0,0,0,0,0,0,0,0,0,0,0,0,0,0,0,0,0,0,7,0,2,0,0,0,0,0,0,0,0,0,0,0,0,0,0,0,0,2
OSPR-01,Upper_meso,steep_slope,slope,0,0,0,1,0,1,0,0,0,0,0,0,0,0,0,0,0,0,3,0,0,2,0,0,1,0,0,0,0,0,0,0,0,1,0,0,0,0,0,0,1,2,0,0,0,0,0,0,1,0,0,0,0,0,0,0,0,0,0,0,0,0,0,1,0,1
OSPR-01,Upper_meso,wall,wall,0,0,0,0,0,0,0,0,0,0,0,0,0,0,0,0,0,0,2,0,0,3,0,0,0,0,0,0,0,1,0,0,0,0,0,0,0,0,0,0,0,0,0,0,0,0,0,0,1,0,0,0,0,0,0,0,0,0,0,0,0,0,0,1,0,0
OSPR-02,Lower_meso,steep_slope,slope,0,0,0,0,0,0,0,0,0,0,0,0,0,0,0,0,0,0,0,0,0,0,0,0,0,0,0,0,0,0,0,0,0,0,0,0,0,0,0,0,0,1,0,0,0,0,0,0,4,0,0,0,0,0,0,0,0,0,0,0,0,0,0,3,0,1
OSPR-02,Shallow,gentle_slope,slope,0,0,0,0,0,0,0,0,0,0,0,0,0,0,9,0,0,0,0,0,0,0,0,8,0,0,0,0,12,0,0,0,3,0,1,0,1,0,0,0,0,0,0,0,1,0,66,0,4,0,0,0,0,0,0,0,0,0,0,10,0,0,0,0,0,0
OSPR-02,Shallow,moderate_slope,slope,27,2,0,5,0,0,0,0,0,0,0,0,0,2,8,0,1,0,2,0,2,0,0,2,1,0,0,0,21,1,0,0,10,1,0,0,0,1,0,0,13,10,0,0,1,0,130,0,25,0,4,7,0,0,0,0,0,1,0,3,0,0,0,0,0,0
OSPR-02,Shallow,steep_slope,slope,4,0,0,3,0,0,0,0,0,0,0,0,0,0,0,0,0,0,0,0,0,0,0,0,0,0,0,0,9,0,0,0,1,1,0,0,0,0,0,0,3,2,0,0,0,0,8,0,9,0,0,3,0,0,0,0,0,0,0,0,0,0,0,0,0,0
OSPR-02,Shallow,wall,wall,0,0,0,0,0,0,0,0,0,0,0,0,0,0,1,0,1,0,4,0,0,0,0,0,0,0,0,0,4,0,0,0,0,0,0,0,0,0,1,0,1,1,0,0,0,0,1,0,2,0,0,0,0,0,0,0,0,0,0,0,0,0,0,0,0,0
OSPR-02,Upper_meso,moderate_slope,slope,0,0,0,0,0,0,0,0,0,0,0,0,0,0,0,0,0,0,0,0,0,0,0,0,0,0,0,0,2,0,0,0,0,1,0,0,0,0,1,0,8,0,0,0,0,0,0,0,5,0,0,0,0,0,0,0,0,0,0,0,0,0,0,0,0,2
OSPR-02,Upper_meso,steep_slope,slope,0,0,0,1,0,0,0,0,0,0,0,0,0,0,0,0,0,0,4,0,0,0,0,0,0,0,0,0,3,0,0,0,2,0,0,0,4,0,0,0,0,1,0,0,0,0,0,0,3,0,0,0,0,0,0,0,0,0,0,0,0,0,0,3,0,0
OSPR-03,Lower_meso,steep_slope,slope,0,0,0,0,0,0,0,0,0,0,0,0,0,0,0,0,0,0,0,0,0,0,0,0,0,0,0,0,0,0,0,0,0,0,0,0,0,0,0,0,0,0,0,0,0,0,0,0,0,0,0,0,0,0,0,0,0,0,0,0,0,0,0,3,0,0
OSPR-03,Lower_meso,wall,wall,0,0,0,0,0,0,0,0,0,0,0,0,0,0,0,0,0,0,0,0,0,0,0,0,0,0,0,0,0,0,0,0,0,0,0,1,1,0,0,0,0,1,0,0,0,0,0,0,0,0,0,0,0,0,0,0,0,0,0,0,0,0,0,0,0,0
OSPR-03,Shallow,moderate_slope,slope,0,0,0,1,0,0,0,0,0,0,1,0,0,3,10,0,0,0,0,0,0,0,0,9,0,0,2,0,0,0,0,0,1,0,1,0,6,0,0,0,23,1,0,0,0,0,132,0,14,0,4,4,0,0,0,0,0,0,0,0,0,0,0,0,0,0
OSPR-03,Shallow,steep_slope,slope,0,0,0,0,0,0,0,0,0,0,0,0,0,0,0,0,1,0,2,0,0,0,0,0,0,0,0,0,0,0,0,0,0,0,0,0,0,0,0,0,1,0,0,0,0,0,1,0,0,0,0,0,0,0,0,0,0,0,0,0,0,0,0,0,0,2
OSPR-03,Shallow,wall,wall,0,0,0,0,0,0,0,0,0,0,0,0,0,0,0,0,3,0,1,0,0,0,0,0,0,0,0,0,0,0,0,0,0,0,0,0,0,0,0,0,0,1,0,0,0,0,4,0,0,0,1,0,0,0,0,0,0,0,0,0,0,0,0,0,0,2
OSPR-03,Upper_meso,steep_slope,slope,0,0,0,1,0,0,0,0,0,0,0,0,0,0,0,0,0,0,0,0,0,1,0,0,1,0,0,0,0,0,0,0,0,0,0,0,0,0,0,0,0,0,0,0,0,0,1,0,1,0,0,0,0,0,0,0,0,0,0,0,0,0,0,0,0,0
OSPR-03,Upper_meso,wall,wall,0,0,0,0,0,0,0,0,1,0,0,0,0,0,0,0,0,0,0,0,0,0,0,0,0,0,0,0,0,0,0,0,0,0,0,0,0,0,0,0,0,0,0,0,0,0,0,0,1,0,0,0,0,0,0,0,0,0,0,0,0,0,0,0,0,1
SAUM-01,Shallow,flat,flat,0,0,0,0,2,0,0,2,19,0,0,0,0,0,0,0,0,0,0,0,1,0,0,0,0,0,0,0,0,0,0,0,0,0,0,0,0,0,0,0,0,0,0,0,0,0,0,0,0,0,0,0,0,0,0,0,4,0,0,0,0,1,0,0,0,0
SDIA-01,Upper_meso,flat,flat,0,0,0,0,52,0,0,0,0,0,0,0,0,0,0,0,0,0,0,0,0,0,0,0,0,0,0,0,0,0,0,0,0,0,0,0,0,0,0,0,0,0,0,0,0,0,0,0,0,0,0,0,0,0,0,0,0,0,0,0,0,0,0,0,0,0
SDIA-02,Lower_meso,flat,flat,0,0,0,0,1,0,0,0,0,0,0,0,0,0,0,0,0,0,0,0,0,0,0,0,0,0,0,0,0,0,0,0,0,0,0,0,0,0,0,0,0,0,0,0,0,0,0,0,0,0,0,0,0,0,0,0,0,0,0,0,0,0,0,0,0,0
SDIA-02,Lower_meso,gentle_slope,slope,0,0,0,0,1,0,0,0,0,0,0,0,0,0,0,0,1,0,0,0,0,2,0,0,1,0,0,0,0,0,0,0,0,0,0,0,0,0,2,0,0,0,0,0,0,0,0,0,0,0,0,0,0,0,0,0,0,0,0,0,0,1,0,8,0,8
SDIA-02,Shallow,gentle_slope,slope,0,0,0,1,0,0,0,24,0,0,13,0,0,0,0,0,10,0,15,0,0,1,0,0,0,0,0,0,0,0,0,0,0,0,0,0,0,0,0,0,3,0,0,0,0,3,1,0,0,0,0,1,0,0,2,0,0,0,0,0,0,0,0,0,0,0
SDIA-02,Upper_meso,flat,flat,0,0,0,0,0,0,0,7,0,0,0,0,0,0,0,0,9,0,12,0,0,2,0,0,0,0,0,0,0,4,0,0,0,0,0,0,0,0,0,0,0,0,0,0,0,0,0,0,0,1,0,0,0,0,0,0,0,0,0,0,0,0,0,0,0,0
SHAR-01,Lower_meso,moderate_slope,slope,0,0,0,0,0,0,0,0,0,0,0,0,0,0,0,0,0,0,0,0,0,0,0,0,0,0,0,0,0,0,0,0,0,0,0,0,0,1,0,0,0,0,0,0,0,0,0,0,0,0,0,0,0,0,0,0,0,0,0,0,0,0,0,0,0,0
SHAR-01,Lower_meso,wall,wall,0,0,0,0,0,0,0,0,0,0,0,0,0,0,0,0,0,0,0,0,0,0,0,0,0,0,0,0,0,0,0,0,0,0,0,0,0,0,0,0,0,0,0,0,0,0,0,0,0,0,0,0,0,0,0,0,0,0,0,1,0,0,0,0,0,0
SHAR-01,Shallow,flat,flat,0,0,0,1,0,2,0,0,0,0,0,0,0,0,0,0,0,0,1,0,0,0,0,0,0,0,0,0,0,0,0,0,0,0,0,0,0,0,0,0,0,0,0,0,0,0,10,0,0,4,0,0,0,0,0,0,0,0,0,0,0,0,0,0,0,0
SHAR-01,Shallow,gentle_slope,slope,0,0,1,6,0,0,0,0,0,0,0,0,0,0,0,0,0,0,2,0,0,0,0,0,0,0,0,0,0,0,0,0,0,0,0,0,0,0,0,0,0,0,0,0,0,0,3,13,0,0,0,0,0,0,0,0,0,0,0,0,0,0,0,0,0,0
SHAR-01,Upper_meso,steep_slope,slope,0,0,0,0,0,2,0,0,0,0,0,0,0,0,0,0,3,0,3,0,0,0,0,0,0,0,0,0,0,0,0,0,0,0,0,0,0,0,0,0,0,0,0,0,0,0,3,0,0,0,0,0,0,0,0,0,0,0,0,0,1,0,0,0,0,0
SWCA-01,Lower_meso,flat,flat,0,0,0,0,0,0,0,0,0,0,0,0,0,0,0,0,0,0,0,0,0,0,0,0,0,0,0,0,0,0,0,0,0,0,0,0,0,0,0,0,0,0,0,0,0,0,0,0,0,1,0,0,0,0,0,0,0,0,0,0,0,0,0,0,0,0
SWCA-01,Shallow,gentle_slope,slope,0,0,0,1,2,0,0,0,1,0,0,0,0,0,0,0,4,0,1,0,0,1,0,0,0,0,0,0,0,1,0,0,0,0,0,0,0,0,0,0,0,0,0,0,0,0,0,0,0,0,0,0,0,0,0,0,10,0,0,8,0,0,0,0,0,3
SWCA-01,Shallow,moderate_slope,slope,0,0,0,0,0,0,0,0,0,0,0,0,0,0,0,0,13,0,0,0,0,1,0,0,0,0,0,0,0,7,0,0,0,0,0,0,0,0,0,0,0,0,0,0,0,0,0,0,0,2,0,0,0,2,0,0,0,0,0,5,0,0,0,4,0,2
SWCA-01,Shallow,steep_slope,slope,0,0,0,2,0,2,0,0,0,0,0,0,0,0,0,0,0,0,1,0,0,1,0,0,0,0,0,0,0,5,0,0,0,0,0,0,0,0,0,0,0,0,0,0,0,0,0,0,0,4,0,0,0,0,0,0,0,0,0,0,0,0,0,6,0,2
SWCA-01,Upper_meso,gentle_slope,slope,0,0,0,0,0,0,0,0,0,0,0,0,0,0,0,0,0,0,6,0,0,0,0,0,0,0,0,0,0,1,0,0,0,0,0,0,0,0,0,0,0,0,0,0,0,0,0,0,0,0,0,0,0,0,0,0,0,0,0,0,0,0,0,1,0,1
SWCA-01,Upper_meso,moderate_slope,slope,0,0,0,0,0,0,0,0,0,0,0,0,0,0,0,0,0,0,8,0,0,0,0,0,0,0,0,0,0,3,0,0,0,0,0,0,1,0,0,0,0,0,0,0,0,0,5,0,0,0,0,0,0,0,0,0,0,0,0,0,0,0,0,4,0,2
SWCA-01,Upper_meso,steep_slope,slope,0,0,0,0,0,0,0,0,0,0,0,0,0,0,0,0,0,0,3,0,0,1,0,0,0,0,0,0,0,1,0,0,0,0,0,0,0,0,0,0,0,0,0,0,0,0,0,0,0,0,0,0,0,0,0,0,0,0,0,0,0,0,0,0,0,2
TURT-01,Lower_meso,wall,wall,0,0,0,0,0,0,0,0,0,0,0,0,0,0,0,0,0,0,0,0,0,0,0,0,0,0,0,0,0,1,0,0,0,0,0,0,0,0,0,0,0,0,0,0,0,0,0,0,0,0,0,0,0,0,0,0,0,0,0,0,0,0,0,0,0,0
TURT-01,Upper_meso,wall,wall,0,0,0,0,0,0,0,1,0,0,0,0,0,0,0,0,0,0,1,0,0,0,0,0,0,0,0,0,0,0,0,0,0,0,0,0,0,0,0,0,0,0,0,0,0,0,0,0,0,0,0,0,0,0,0,0,0,0,0,0,0,0,0,1,0,0
WILL-01,Upper_meso,gentle_slope,slope,0,0,0,0,0,0,0,0,0,0,0,0,0,0,1,0,0,0,6,0,0,0,0,0,0,0,0,0,0,0,0,0,0,0,1,0,0,0,0,0,0,0,0,0,0,0,6,0,0,0,0,0,0,0,0,0,0,0,0,1,0,0,0,0,2,0
WILL-01,Upper_meso,steep_slope,slope,0,0,0,0,0,0,0,0,0,0,0,0,0,0,0,0,3,0,17,0,0,1,0,0,2,0,0,0,0,0,0,0,0,0,1,0,2,3,0,0,1,0,0,0,0,0,10,0,0,0,0,1,0,0,0,0,0,0,0,0,0,0,0,3,3,0
WREC-01,Upper_meso,gentle_slope,slope,0,0,0,0,0,0,0,0,0,0,0,0,0,0,0,0,2,0,16,0,0,0,0,0,0,0,0,3,0,0,0,0,1,0,0,0,0,6,0,0,0,0,0,0,0,0,18,0,2,7,0,2,0,0,0,0,0,0,0,0,1,0,0,5,0,0
